ano_analise,bairro_analise,n_transacoes,n_unidades,base_total_real,base_media_real,base_mediana_real,base_p25_real,base_p75_real,valor_m2_medio_real,valor_m2_mediano_real,valor_m2_p25_real,valor_m2_p75_real,area_media_m2,area_mediana_m2,area_p25_m2,area_p75_m2,pct_multiunit,n_setores,participacao_transacoes_cidade_pct,participacao_base_cidade_pct,meses_observados,ultimo_mes_observado,flag_ano_incompleto
2020,PETRÓPOLIS,1432,1808,976555254.2003628,681951.9931566779,479931.241190313,100305.90263481859,855196.5613633677,7975.333351310387,6749.530353354925,5419.0629301016015,10170.0962884564,82.40745810055866,59.22,19.6325,103.03999999999999,18.505586592178773,75,6.360204308238952,8.33721059308757,12,12,False
2020,CENTRO HISTÓRICO,1068,1108,401740403.6133742,376161.4266042829,294685.3904041877,198023.91005420464,410483.9504005341,7260.09734896555,6654.260313238518,5328.651397518946,8354.585499044411,54.25513108614232,40.245000000000005,26.78,61.5075,3.089887640449438,92,4.743504330446369,3.4298052611670182,12,12,False
2020,MENINO DEUS,803,938,394089651.2594675,490771.67031066935,359044.849299696,98677.93916532752,641913.7849442076,7370.591668627356,6733.370264719597,5796.945327656269,8740.02813813565,62.13809464508095,52.24,21.16,83.905,13.07596513075965,65,3.566511214745725,3.364487980556705,12,12,False
2020,SANTANA,546,628,255360914.45435262,467693.98251712933,428816.6941977869,187749.56645165157,670944.2955438267,7534.924465045218,6153.424924530467,5057.576825462527,8936.496172617777,64.36470695970695,57.91,31.13,86.0325,13.736263736263737,44,2.4250499666888743,2.1801098421129836,12,12,False
2020,PASSO DA AREIA,538,670,255866846.3978287,475588.93382496043,355486.19298418437,114254.15289297343,742317.4620376995,6945.578735461264,6432.6705394889905,5306.802093978745,8626.711464934691,64.4142565055762,60.370000000000005,22.072499999999998,85.2575,21.189591078066915,40,2.3895180990450813,2.1844291687874215,12,12,False
2020,PARTENON,515,597,166973646.93735522,324220.6736647674,288274.3409115697,97822.06113732088,429231.4151672663,5485.520892111937,5259.988199007578,4460.764794410474,6578.7877818950055,62.529378640776706,49.98,21.16,72.31,15.145631067961165,63,2.287363979569176,1.4255153018990994,12,12,False
2020,JARDIM DO SALSO,508,607,246759169.18144235,485746.3960264613,403525.73604053695,108634.36284548766,603677.5281348986,7848.910033510085,7731.600405001165,5577.990354637359,10239.419232484335,57.855748031496056,41.31,21.16,62.53,16.535433070866144,13,2.2562735953808573,2.106673585946331,12,12,False
2020,RIO BRANCO,508,604,342324632.79276663,673867.3873873359,430260.5841579364,107419.53742500086,782114.4751650062,7425.679629850804,6592.499525639361,5326.868358654381,8881.347940211439,88.5288779527559,63.04,20.79,106.25,12.598425196850393,40,2.2562735953808573,2.922551020558122,12,12,False
2020,BELA VISTA,486,630,441629288.23896176,908702.2391748184,142716.99883011126,71580.39865087334,1288353.9027921413,8067.332481274495,6747.020310949991,5721.782011820333,9904.559398264162,88.37502057613169,25.355,12.0,138.1875,15.432098765432098,20,2.1585609593604262,3.7703513081177467,12,12,False
2020,SARANDI,463,548,214270601.85882694,462787.4770169048,315729.0400460049,214615.70758363316,530198.4413400732,4746.4933322162415,4754.008432004883,3980.101570484058,5704.544133957212,111.08555075593951,61.26,47.965,143.765,17.71058315334773,64,2.0564068398845214,1.8293067636684244,12,12,False
2020,CRISTO REDENTOR,457,538,216420768.49540848,473568.42121533584,500856.0763095016,227964.98368234665,694393.6234584105,9119.084594803639,6744.659680061969,5259.988199007578,11091.714528068884,56.161925601750546,46.86,33.42,73.68,16.411378555798688,31,2.0297579391516765,1.8476635253389044,12,12,False
2020,TRISTEZA,439,545,236947783.48377475,539744.3815120154,442732.39226080617,71667.10725059368,782154.1625634785,6301.542790527362,6221.9032018200305,4827.994367749665,7492.777063250742,82.05043280182232,69.11,13.95,108.995,16.62870159453303,28,1.9498112369531424,2.02291018554515,12,12,False
2020,MOINHOS DE VENTO,419,486,347740245.828732,829928.9876580717,471295.7724066647,85486.86888087999,924954.4768124181,9106.42381189688,7002.866353995905,5786.865932510582,10817.688104796396,91.54761336515513,43.56,14.844999999999999,106.60499999999999,10.739856801909307,25,1.8609815678436599,2.968786096532891,12,12,False
2020,MONTSERRAT,418,550,292287433.51600695,699252.2332918827,442771.6121615288,71713.69087030657,972544.5903250875,7745.355189499064,6766.254394192608,5771.751505756649,9029.404226721193,74.96674641148326,53.515,13.299999999999999,114.8075,21.291866028708135,21,1.8565400843881856,2.49536508707991,12,12,False
2020,HÍPICA,412,412,175420027.36427793,425776.7654472765,336888.25192433747,240167.07898713445,543336.1228563561,4188.671285521599,4607.09456551786,2452.3093095930794,5553.643222014551,121.67803398058253,111.97,58.25,163.5125,0.0,32,1.8298911836553409,1.4976251513578984,12,12,False
2020,CRISTAL,396,453,203468146.20951384,513808.4500240249,400611.56132267154,231212.91114051436,713048.0011514075,6960.538383574168,5566.707665407399,4637.035074251917,7520.634864662986,84.88967171717171,58.335,40.129999999999995,92.78999999999999,11.868686868686869,36,1.7588274483677548,1.7370822353752888,12,12,False
2020,SÃO JOÃO,392,485,186627116.488959,476089.5828799975,395193.9295119487,97064.3728710998,654546.1233743483,6441.985636934666,5804.170986119836,4718.733486709835,8110.791371062164,73.53380102040818,64.31,21.16,93.36,18.622448979591837,25,1.7410615145458583,1.5933041841275046,12,12,False
2020,BOA VISTA,367,437,249292410.8341514,679270.874207497,347816.71965937613,83476.01271825026,884495.9191276504,7965.6685080864945,6871.71827048384,5678.362525144585,10106.27390777312,74.87572207084469,45.69,12.12,99.1,14.986376021798364,18,1.630024428159005,2.128300799614963,12,12,False
2020,AUXILIADORA,358,449,235377206.70721862,657478.2310257503,432398.40958516183,84943.23219483308,986054.6100875561,8833.009242460532,7327.908749610489,5946.541617921303,11887.841456412496,70.18648044692738,51.85,12.0,91.0075,18.994413407821227,22,1.590051077059738,2.0095015952145565,12,12,False
2020,CIDADE BAIXA,336,394,133930370.47462302,398602.2930792352,326269.1045667492,206264.81929763997,521951.4188986839,7082.928391422123,6682.142022970251,5236.8059915557615,8377.330676755173,56.394464285714285,47.82,28.845,77.8275,12.202380952380953,37,1.492338441039307,1.1434127241181917,12,12,False
2020,VILA IPIRANGA,335,406,132021646.89710778,394094.4683495755,297301.3126819158,185722.67251644394,568100.3369190437,5877.486731643842,5650.915501730306,4899.109541630121,6566.68188136104,68.8215223880597,56.38,32.06,85.16499999999999,18.80597014925373,38,1.487896957583833,1.1271172504506348,12,12,False
2020,JARDIM BOTÂNICO,317,383,163101121.46667784,514514.5787592361,343617.46315467736,86000.52870071241,647870.6495453669,6537.579818005341,6096.445796364301,5189.924222010437,7661.4393921944275,78.0534384858044,58.1,21.16,87.02000000000001,18.29652996845426,24,1.4079502553852987,1.3924541307700067,12,12,False
2020,JARDIM CARVALHO,310,399,119119954.53877148,384257.91786700475,386286.58167989546,85690.61466973007,480236.7393001928,5818.8923324909,5665.463562644588,4645.127827666006,6291.317601647321,65.07651612903226,63.675000000000004,14.55,78.82,27.419354838709676,20,1.3768598711969797,1.0169707679694613,12,12,False
2020,HIGIENÓPOLIS,309,377,166071081.97517353,537446.8672335712,476725.4550148164,99734.68036102667,736915.8057751234,7293.109365186205,6749.530353354925,5386.6962117756775,8421.644651386425,70.24148867313917,62.94,21.16,97.47999999999999,18.77022653721683,18,1.3724183877415057,1.4178097735828215,12,12,False
2020,SÃO SEBASTIÃO,305,399,140179361.8589649,459604.4651113603,431292.73237762635,233593.888535791,706691.4494152747,8008.504128435086,7483.4918251408,5306.802093978745,10054.07705265384,60.815016393442626,60.81,24.9,77.7,30.491803278688522,16,1.3546524539196092,1.1967626568962488,12,12,False
2020,BOM FIM,288,316,128552255.98995334,446361.99996511574,392746.7549314359,99576.11966092965,633663.2732915113,7456.317067685749,6822.508762457161,5667.950220891727,8730.246029071133,60.24496527777779,54.405,17.705000000000002,85.3075,7.986111111111111,28,1.279147235176549,1.0974977870375027,12,12,False
2020,CAMAQUÃ,287,355,103461936.9112325,360494.55369767424,304747.16039223084,214001.94721957427,471920.8825242419,5508.277505285037,5386.6962117756775,4742.03697597995,6348.324679646774,67.75118466898955,57.04,43.0,77.345,22.299651567944252,25,1.274705751721075,0.8832925251157439,12,12,False
2020,SANTO ANTÔNIO,280,324,90045111.6623941,321589.6845085504,283472.9260142306,78255.28306300547,472606.23584174056,5564.581168524431,5458.296969630563,4915.594301423496,6600.36943383428,61.37278571428572,55.56,22.765,69.31,15.0,25,1.243615367532756,0.768748164098697,12,12,False
2020,AZENHA,278,314,116190154.18646054,417950.1949153257,345459.70360264136,189560.11221435998,515052.4306288555,6740.585259504009,6726.936137048673,5399.62428268394,8175.8386746537435,63.87320143884892,53.565,25.1475,69.9675,12.949640287769784,27,1.2347324006218077,0.9919579871484522,12,12,False
2020,JARDIM ITU,272,329,130720527.18362594,480590.173469213,408008.272309978,83755.23627440841,714100.311384951,5013.519564078065,5040.839330319499,4167.378316593262,5736.478936601106,99.4154411764706,78.875,21.415,140.82750000000001,17.647058823529413,25,1.208083499888963,1.116009113956097,12,12,False
2020,INDEPENDÊNCIA,265,283,127267137.92136562,480253.3506466627,353639.63916335546,71410.0311384951,680788.1523295142,7730.6471094047,6574.9852487594735,5301.586194058587,8175.150516833188,66.38298113207546,43.08,12.0,91.32,6.415094339622642,23,1.176993115700644,1.0865262624579017,12,12,False
2020,CAVALHADA,261,303,90640270.67584647,347280.73055879876,230762.44746262988,151000.84523939368,432323.9393880724,4975.939058745905,5010.671673984388,4155.611681709444,5844.840548820212,75.21731800766284,47.46,36.12,77.47,15.708812260536398,44,1.1592271818787474,0.7738292550151447,12,12,False
2020,HUMAITÁ,243,300,61121078.77452457,251527.07314619166,242794.10587088333,162823.30184745585,345292.43456207635,4281.40866966878,4144.730214346193,3725.5423082025854,5066.6220735930465,58.38753086419752,58.53,40.49,69.83,22.633744855967077,20,1.0792804796802131,0.5218130804458856,12,12,False
2020,IPANEMA,221,265,130295451.35245867,589572.1780654239,427547.6020473265,247092.29220991692,842189.4923144267,5126.459541017025,4971.701938389469,4018.6502161741446,5826.195513882931,122.34316742081448,107.48,46.96,178.0,15.384615384615385,20,0.9815678436597823,1.1123800855859867,12,12,False
2020,JARDIM LINDÓIA,217,282,108050254.74602202,497927.4412259079,424716.1609741654,71239.05740073333,747367.9823614232,5944.979381701958,5694.8671234553585,4757.233294337042,7127.604967051235,85.14387096774195,76.91,12.8,116.19,23.502304147465438,15,0.9638019098378858,0.9224646783473428,12,12,False
2020,VILA NOVA,216,254,80983417.6655789,374923.2299332357,287258.5286245754,200843.17722237392,443023.4448572877,5070.290663773112,4836.225426035435,4097.869604884731,5677.1508338791,80.8426388888889,59.89,48.195,86.7675,16.203703703703702,34,0.9593604263824117,0.6913851568785596,12,12,False
2020,MORRO SANTANA,197,221,60332481.53678601,306256.25145576656,286468.80664585537,232341.56873246323,328486.14323707746,4890.62130614227,4818.459113551329,4046.7958080371814,5958.766738092708,62.19741116751269,53.27,44.8,72.77,11.6751269035533,21,0.8749722407284033,0.5150805364184233,12,12,False
2020,LOMBA DO PINHEIRO,184,193,93712308.2882702,509306.02330581634,469552.5715401577,169886.46438966616,579479.1091126687,5161.217255669732,5446.040646805404,3957.8040133349555,6019.393641368302,92.39059782608697,95.525,40.02,113.35,4.891304347826087,19,0.8172329558072396,0.8000563675256751,12,12,False
2020,SÃO GERALDO,184,211,84940590.12045684,461633.64195900457,260819.6417771345,168899.72381943412,474397.91352300544,4998.019713723326,4445.0979600530245,3164.4217201781444,6623.790635782639,113.43695652173913,67.35,39.035000000000004,78.03,13.586956521739129,20,0.8172329558072396,0.7251689903765398,12,12,False
2020,JARDIM EUROPA,180,212,211335018.98513186,1174083.4388062882,166952.02543650052,102426.49248168187,1706889.8566335682,10714.144071438528,8623.553402715459,7493.912430090299,13558.186568126632,79.25222222222222,21.66,12.0,130.0,11.666666666666666,6,0.7994670219853431,1.8042446153402198,12,12,False
2020,NONOAI,179,208,68790982.2135074,384307.16320395196,370076.9897175762,212129.2708969573,449167.7292343609,5256.226279965192,4977.699029114507,4177.665511364191,6084.965399515331,80.15810055865921,62.13,43.974999999999994,78.5,15.64245810055866,29,0.795025538529869,0.5872938608977887,12,12,False
2020,VILA JARDIM,179,258,110545405.03383893,617572.0951611113,257070.42131272616,85690.14043757539,1175223.5947083933,6672.64781787274,6289.825772977086,5255.641216090085,7998.434017688179,87.5854748603352,49.48,13.86,134.38,18.994413407821227,14,0.795025538529869,0.943766692054664,12,12,False
2020,JARDIM LEOPOLDINA,174,182,33296105.84709166,191356.9301556992,179059.38237683376,141720.79849902735,213377.39927342068,4205.962635895312,4157.540183282772,3579.648601334342,4798.905904410419,50.6869540229885,40.34,30.625,56.3725,4.597701149425287,34,0.7728181212524984,0.2842610750215494,12,12,False
2020,TERESÓPOLIS,165,179,68484453.64975241,415057.29484698427,410558.9556083599,260819.6417771345,538900.8129708392,5432.646319057939,5289.479645602361,4231.083492470268,6600.510669215708,81.99745454545456,69.49,52.41,78.65,7.878787878787878,22,0.7328447701532311,0.5846769140554775,12,12,False
2020,TRÊS FIGUEIRAS,151,175,179967214.23668304,1191835.8558720732,471306.20551406767,85215.05053785653,1335616.2034920042,8897.805665688407,7889.982298511367,6260.861349127959,11120.696614361581,113.96370860927155,37.46,12.0,153.79,8.609271523178808,8,0.6706640017765934,1.5364461544688872,12,12,False
2020,MEDIANEIRA,139,170,53545082.980406314,385216.4243194699,350912.28846434446,175132.13797558378,523022.27097923076,5209.3019215829,4991.068483747887,4252.5630625549475,6747.095016708447,83.16057553956834,65.35,43.355000000000004,96.6,19.424460431654676,17,0.6173662003109038,0.4571340240215469,12,12,False
2020,FLORESTA,137,152,71970207.27385621,525329.9801011402,308168.5611775528,186334.47885154356,473030.7387367515,5003.612104638434,4979.090738821967,3577.929215714885,6000.842952814715,126.58562043795618,67.04,41.41,94.92,8.02919708029197,21,0.6084832333999556,0.6144360719881928,12,12,False
2020,SANTA TEREZA,137,160,70776470.51255311,516616.57308432925,319635.2983376478,208517.29092440568,603569.1361586725,5242.302018498096,4809.872969838501,3746.9414361977665,5882.02213806328,106.29306569343066,69.53999999999999,42.84,119.08,13.86861313868613,28,0.6084832333999556,0.6042447031650906,12,12,False
2020,GLÓRIA,136,173,57163014.45313925,420316.282743671,441224.16523794725,210319.99004319063,581374.1326700229,5994.343457258111,5620.737475900829,4643.451832231402,7925.609370451024,79.26308823529412,62.09,42.3025,73.06,27.205882352941174,17,0.6040417499444815,0.48802163275622407,12,12,False
2020,PRAIA DE BELAS,136,146,80236865.79692127,589976.954389127,540692.9434701053,312753.6219586176,768052.3630229146,10788.5613033911,11843.006127835404,6173.93972203359,15259.333335682866,54.23632352941176,48.03,38.22,61.26,7.352941176470589,7,0.6040417499444815,0.685011569597256,12,12,False
2020,CHÁCARA DAS PEDRAS,117,129,84914755.70481533,725767.1427761994,572643.1892069867,85692.03736619413,1140838.8404827537,6826.010790476766,5921.098703536166,5259.988199007578,8149.728740579798,108.62641025641024,75.31,17.21,160.0,9.401709401709402,10,0.519653564290473,0.724948432489184,12,12,False
2020,JARDIM SABARÁ,97,135,42502953.505315356,438174.778405313,455595.99866359873,228507.0411668677,592679.6902995768,5463.507149633486,5068.932930436795,4330.8820199305455,6832.074526561511,83.42773195876289,66.78,49.43,100.78,28.865979381443296,18,0.43082389518099046,0.3628633123193656,12,12,False
2020,SANTA CECÍLIA,90,97,34850055.286086746,387222.8365120749,352219.54859542835,111590.10773166154,565068.6753989718,5688.788254109666,5433.152493719866,4708.553050755823,6386.518284851065,71.21722222222222,66.89500000000001,25.66,93.1375,7.777777777777778,11,0.39973351099267157,0.297527711669284,12,12,False
2020,BOM JESUS,87,117,28911899.891708467,332320.68841044215,306841.5474847392,154433.07152276547,522727.94104453654,5274.217009828636,5038.276986585076,4007.326999483028,6356.307216927455,65.86344827586207,58.25,31.915,87.85,29.88505747126437,15,0.3864090606262492,0.24683149981187177,12,12,False
2020,FARRAPOS,79,80,37601667.33057951,475970.4725389812,337711.1761283925,203181.1865782924,413542.7797813307,5434.123710785427,5358.660220474954,4284.222518931627,7019.4981893851555,110.28607594936709,50.64,44.39,65.23,1.2658227848101267,11,0.3508771929824561,0.32101923351276346,12,12,False
2020,VILA SÃO JOSÉ,75,84,20331482.61232029,271086.4348309372,241427.654463469,107424.53190385642,325494.06293237454,5093.087541682856,5186.12829235455,4239.482805473153,5909.721917681614,62.222666666666655,50.98,25.92,60.0,12.0,12,0.3331112591605596,0.1735773285531205,12,12,False
2020,RESTINGA,71,74,17280383.78742554,243385.6871468386,185221.54924190667,142768.53055355075,217390.39761737658,4263.132368050721,3706.004366620139,2811.9937778365847,4558.082531738373,58.478873239436616,48.06,40.99,54.91,4.225352112676056,18,0.3153453253386631,0.14752897815609275,12,12,False
2020,RUBEM BERTA,71,75,15013622.884715851,211459.47724951903,191994.8292519756,161386.9579219505,214879.82114597992,3653.6030163484643,3433.098575223373,2897.7822590068918,3886.4948844634464,62.53169014084509,55.57,43.894999999999996,62.605000000000004,5.633802816901409,20,0.3153453253386631,0.12817680844651222,12,12,False
2020,MÁRIO QUINTANA,69,79,27463062.52428701,398015.3989027103,329300.0688565658,205910.2435082641,586959.2689371613,3962.135459088313,4064.2971975762007,2819.534967609948,4964.615886988285,116.1340579710145,70.47,43.15,189.98,14.492753623188406,11,0.30646235842771485,0.234462243494452,12,12,False
2020,JARDIM SÃO PEDRO,62,69,43460040.67796295,700968.3980316605,328478.8716773723,97975.18121872564,543946.2266009976,4970.629984838468,4935.905064551744,3969.11646803665,5792.670382235161,139.6001612903226,68.35,26.21,100.1025,11.29032258064516,8,0.27537197423939597,0.3710343167556067,12,12,False
2020,JARDIM ISABEL,60,87,50100244.776319504,835004.079605325,762414.0660370064,569934.3300260452,1025365.7068928145,4839.657434973052,5079.500302393194,4241.399956471665,6015.222050405124,197.37766666666664,166.94,112.61000000000001,258.6925,25.0,3,0.2664890073284477,0.42772417604514895,12,12,False
2020,GUARUJÁ,57,57,25358920.06207285,444893.3344223307,478436.61744312925,288274.3409115697,542594.0826686267,3336.9193547779405,3640.424236921418,2240.6058814217913,4321.477560721353,151.53526315789475,137.54,110.94,198.39,0.0,8,0.25316455696202533,0.21649840709105073,12,12,False
2020,PARQUE SANTA FÉ,57,59,21134830.667039234,370786.5029305129,283102.56041401415,207089.0903016358,523816.598534804,4383.534333237397,4356.849913183731,3521.5881769740804,5174.6399375721085,98.60456140350877,74.88,43.76,116.97,3.508771929824561,12,0.25316455696202533,0.1804358057185763,12,12,False
2020,VILA  ASSUNÇÃO,56,69,68745625.80920547,1227600.460878669,744435.2339397168,358177.2957548795,1682142.834277316,6432.099346583861,5289.320803119772,4694.631982806801,6313.338434809889,200.6507142857143,182.44,75.185,294.195,12.5,7,0.24872307350655118,0.586906636628825,12,12,False
2020,SANTA ROSA DE LIMA,53,53,9817331.485123308,185232.66953062845,191122.27243837444,153039.3566501255,204516.23115971315,3760.540120794523,3663.42230927701,2989.5731399560273,4965.191336725253,57.89094339622642,41.19,41.19,52.55,0.0,14,0.2353986231401288,0.08381416177074702,12,12,False
2020,ABERTA DOS MORROS,48,48,19108765.42818509,398099.27975385607,410128.9525806139,221975.70665275425,511390.9469687239,3171.6302958283136,3513.9057152881546,1536.2275117169568,4296.835827488334,156.4752083333333,121.94,98.03,175.49,0.0,7,0.21319120586275817,0.1631385432247169,12,12,False
2020,CAMPO NOVO,43,43,10263902.175223438,238695.39942380087,190421.3441648837,171904.89448938175,303384.4157193813,4265.606556536376,4406.893604955799,3799.155784473731,4973.255010979603,64.00116279069769,39.03,38.24,58.724999999999994,0.0,5,0.19098378858538753,0.08762669964000856,12,12,False
2020,SANTA MARIA GORETTI,42,53,25760068.347498763,613334.9606547324,547175.9873883831,311662.5445723272,692224.3185408814,6194.752226705339,5414.16592434849,4402.975060827536,8127.51144359426,120.97452380952382,75.815,51.0975,100.8125,21.428571428571427,8,0.18654230512991338,0.21992315722194877,12,12,False
2020,PASSO DAS PEDRAS,41,44,15310629.122799933,373429.97860487644,328486.14323707746,249036.7712761133,380247.58301192767,3708.9263216821814,3992.755136746404,1260.17702009109,5487.613688167654,126.01585365853657,116.0,62.85,184.38,7.317073170731707,10,0.18210082167443925,0.13071245969995338,12,12,False
2020,NAVEGANTES,36,36,14707250.342798183,408534.73174439394,260012.77608053532,179264.19722397573,339751.90178863576,3503.0132664744574,3374.508971198574,2994.498385587286,3921.317296483507,123.43222222222218,69.705,59.6,97.9325,0.0,10,0.15989340439706862,0.12556119361988505,12,12,False
2020,FARROUPILHA,34,34,15417267.93036571,453449.05677546206,426075.2526892827,275405.08649762126,554457.8482538435,5391.488974813849,5674.016505339739,4037.867536218514,6712.041851009149,86.6164705882353,76.5,63.97,104.5825,0.0,2,0.15101043748612036,0.13162287433573314,12,12,False
2020,VILA JOÃO PESSOA,34,38,11386113.474437188,334885.6904246232,317078.48913829157,169903.8168196542,454133.91446664184,4134.621465439567,3858.372373933188,2768.1078894989396,4739.463476664988,100.24441176470589,71.32,43.087500000000006,139.13,8.823529411764707,10,0.15101043748612036,0.09720742934398068,12,12,False
2020,ESPÍRITO SANTO,30,34,17351021.000547513,578367.3666849171,585556.090317649,364542.5900601149,700025.6972353865,3838.9860646492875,3900.2972331522233,3344.753812135195,4234.911271998846,153.98966666666666,163.40499999999997,120.3125,180.6125,6.666666666666667,7,0.13324450366422386,0.1481320339678081,12,12,False
2020,PONTA GROSSA,26,26,12006796.622504262,461799.8700963178,244301.70188011375,237345.8740171924,247749.89728809468,6113.311340674263,4440.153016304475,4262.677335078886,5211.363494004459,76.55038461538462,55.68,55.68,55.68,0.0,5,0.11547856984232734,0.10250642916478757,12,12,False
2020,COSTA E SILVA,22,27,5704361.584138986,259289.16291540844,222671.86513916735,137616.68498664227,259494.64264801145,3978.009906761056,4223.554761055691,3396.0909240149545,4587.67384303848,73.50590909090909,49.849999999999994,31.82,57.7625,22.727272727272727,5,0.09771263602043083,0.048700228298938254,12,12,False
2020,SÉTIMO CÉU,22,22,13248043.706573602,602183.8048442546,748521.3912670851,55895.21172493065,999754.5951199054,4991.577067667409,4672.084868985266,4452.394617259008,5352.440591986962,126.08181818181815,155.42,10.58,214.1975,0.0,2,0.09771263602043083,0.11310341104925418,12,12,False
2020,CEL. APARICIO BORGES,18,19,7408504.8232418075,411583.60129121155,396342.81547583325,237161.64822089756,504929.9338271953,4550.330830686692,4214.1195596187135,3422.1873202017423,4581.767063438424,98.97833333333334,99.985,46.75,111.4575,5.555555555555555,4,0.07994670219853431,0.06324912453811772,12,12,False
2020,JARDIM FLORESTA,14,14,7610634.934892641,543616.78106376,418523.54883522075,286737.20603795163,844956.571253144,4469.260720391697,4150.508366654746,3584.0634054378465,5707.111470675143,138.96285714285713,100.74000000000001,62.695,173.6025,0.0,5,0.062180768376637795,0.06497478348141757,12,12,False
2020,VILA CONCEIÇÃO,12,12,16734043.615607243,1394503.634633937,1211705.832899013,799978.455216565,2002414.6450982231,5256.332785767084,5050.310160042323,4617.475052809163,5624.2745725876575,267.3825,245.2,120.25,386.75,0.0,2,0.05329780146568954,0.14286467160680022,12,12,False
2020,BELÉM NOVO,11,13,4317265.181429651,392478.652857241,361202.2205429921,295685.0427984779,478582.9370326741,2987.29740165294,2672.8974111621587,1721.283894161607,4107.182241687252,173.33636363636361,204.0,82.66999999999999,235.775,9.090909090909092,9,0.048856318010215415,0.036858077255706855,12,12,False
2020,ANCHIETA,6,6,30172542.639708426,5028757.106618071,1212371.0256051847,695448.0517257112,3541758.626727727,6470.113745380072,2944.040799175246,1628.2191250346425,8560.408292582395,882.015,834.5699999999999,422.53499999999997,1016.2574999999999,0.0,2,0.02664890073284477,0.2575940695973678,12,12,False
2020,SERRARIA,4,4,1347517.0641420847,336879.26603552117,334336.26265256654,268446.7064228047,402768.82226528303,3439.2445744295187,3484.847432276074,2546.104053447931,4377.9879532576615,116.97,95.94,92.955,119.955,0.0,2,0.017765933821896514,0.011504247704581628,12,12,False
2020,BELÉM VELHO,2,2,779846.8261343234,389923.4130671617,389923.4130671617,267871.3141674793,511975.51196684415,5212.885555419131,5212.885555419131,4384.725890731477,6041.045220106786,66.65,66.65,53.825,79.475,0.0,2,0.008882966910948257,0.006657838552265695,12,12,False
2020,PEDRA REDONDA,2,2,1744275.34258808,872137.67129404,872137.67129404,795715.6726989003,948559.6698891796,3262.2398322997224,3262.2398322997224,2099.4283618598242,4425.051302739621,475.70000000000005,475.70000000000005,329.565,621.835,0.0,2,0.008882966910948257,0.014891518734794587,12,12,False
2020,AGRONOMIA,1,1,159843.0386897246,159843.0386897246,159843.0386897246,159843.0386897246,159843.0386897246,4082.836237285431,4082.836237285431,4082.836237285431,4082.836237285431,39.15,39.15,39.15,39.15,0.0,1,0.0044414834554741284,0.0013646386824127982,12,12,False
2020,ARQUIPÉLAGO,1,1,1290007.9305106862,1290007.9305106862,1290007.9305106862,1290007.9305106862,1290007.9305106862,4462.305615935129,4462.305615935129,4462.305615935129,4462.305615935129,289.09,289.09,289.09,289.09,0.0,1,0.0044414834554741284,0.01101327112537763,12,12,False
2020,BOA VISTA DO SUL,1,1,71358.49941505563,71358.49941505563,71358.49941505563,71358.49941505563,71358.49941505563,1783.9624853763908,1783.9624853763908,1783.9624853763908,1783.9624853763908,40.0,40.0,40.0,40.0,0.0,1,0.0044414834554741284,0.0006092136975057136,12,12,False
2020,SÃO CAETANO,1,1,793022.1208233775,793022.1208233775,793022.1208233775,793022.1208233775,793022.1208233775,2825.7629732874057,2825.7629732874057,2825.7629732874057,2825.7629732874057,280.64,280.64,280.64,280.64,0.0,1,0.0044414834554741284,0.006770320878254078,12,12,False
2021,PETRÓPOLIS,2185,2736,1325143428.5233188,606472.9649992306,423334.21714954043,79375.16571553882,857251.7897278194,7650.331112276427,6416.0491864855485,5344.157175010174,9697.711936774947,77.57787643020593,54.92,13.89,102.07,17.48283752860412,75,6.785714285714286,7.8529328683344835,12,12,False
2021,CENTRO HISTÓRICO,1509,1551,606802506.0805359,402122.27043110394,242122.73993348016,154770.504896079,367803.77065270045,6256.985677096025,6195.866045435557,4931.545184358565,7193.51625595107,73.2160901259112,38.58,25.32,63.65,2.3856858846918487,94,4.686335403726708,3.5959725128755915,12,12,False
2021,MENINO DEUS,1250,1484,660197175.5464071,528157.7404371257,369717.4717836476,91130.47556431899,706191.3248059838,7019.542834199734,6285.117682248834,5196.869130400317,8359.249708661266,69.62254399999999,59.230000000000004,21.16,97.19,15.040000000000001,64,3.8819875776397517,3.9123946795761806,12,12,False
2021,RIO BRANCO,901,1065,558800296.5637612,620200.1071739858,392309.6354061963,74669.98043231881,787428.8845589984,7326.356923159961,6285.117682248834,5241.397857647561,9030.926056063325,82.68471698113207,54.97,13.41,104.02,12.763596004439512,40,2.798136645962733,3.311506604693091,12,12,False
2021,SANTANA,856,969,389397737.84886056,454903.8993561455,431501.88337502815,150781.89083167634,640334.688169503,7712.256178216733,6092.9008562484305,4852.580214691758,8907.068196749606,62.696308411214964,53.825,29.67,81.065,11.33177570093458,45,2.658385093167702,2.307610050797306,12,12,False
2021,SARANDI,758,989,396699402.8252673,523350.13565338694,294402.01066850725,227331.74237114025,498899.4365184304,4729.674897878423,4876.258412339625,3778.8955808636997,5673.316345956913,119.84290237467019,60.18,50.4,143.33249999999998,30.343007915567284,66,2.3540372670807455,2.3508804497990865,12,12,False
2021,BELA VISTA,751,981,869946489.0286343,1158384.13985171,149339.96086463763,72760.56857257726,1445403.7710539966,8124.969407615374,6649.654507819266,5552.024607029205,9770.497056448596,104.90300932090547,25.76,12.0,160.88,15.978695073235686,21,2.3322981366459627,5.15539014897279,12,12,False
2021,PARTENON,744,854,255006967.2477562,342751.3000641885,287555.45228086755,117930.61467245269,441553.7464798221,5164.302451357174,4893.483800834825,4129.623059741519,6191.26117452082,75.62853494623656,55.695,28.32,74.55,13.5752688172043,65,2.31055900621118,1.5111968649203171,12,12,False
2021,PASSO DA AREIA,741,921,331719107.50973815,447664.11269870197,322830.31991130684,101463.10914557254,703900.3196974095,6421.579296027319,5937.398421609346,4733.486196541855,8068.287521786996,67.7412415654521,60.86,22.55,87.39,19.70310391363023,45,2.301242236024845,1.9658007022837247,12,12,False
2021,TRISTEZA,739,905,391704417.63588846,530046.5732556001,454663.4847422805,71650.2496770808,760147.4338969172,6289.465180033763,6035.419230613018,4734.120688910483,7374.094918998804,80.36853856562924,68.27,15.565000000000001,105.52000000000001,17.726657645466847,26,2.2950310559006213,2.321279666573509,12,12,False
2021,MONTSERRAT,655,872,500233160.851356,763714.7493913833,403983.818720799,70131.126686316,972494.32074823,7655.290295132746,6420.712375618263,5683.910425851376,8790.049712315213,83.83157251908396,50.97,12.0,118.88499999999999,20.458015267175572,20,2.0341614906832297,2.964431884221005,12,12,False
2021,CRISTO REDENTOR,611,717,228094765.47215593,373313.8551099115,347511.14882358594,106394.47212510825,542422.0931949441,6525.265191362433,5477.213499209436,4575.789662565368,7308.977070843283,59.02651391162029,53.13,25.345,75.21,15.548281505728315,32,1.8975155279503106,1.3517124579241864,12,12,False
2021,AUXILIADORA,591,700,344777439.73794115,583379.7626699512,356458.47823540133,78620.40978163513,801270.068883206,8114.266389207721,7124.878105931214,5788.949293232157,9053.037098625307,66.87211505922166,47.78,12.0,89.84,13.874788494077833,23,1.8354037267080745,2.0431856888091153,12,12,False
2021,HÍPICA,590,591,262254627.42137313,444499.3685108019,351028.2089660092,251292.2610007727,576974.5611869765,4396.061784306393,4785.897327059169,2961.279179587891,5773.27439825189,116.61628813559322,106.805,60.63,150.5175,0.1694915254237288,35,1.8322981366459627,1.5541472260441234,12,12,False
2021,SÃO SEBASTIÃO,573,702,234514303.02761924,409274.5253536113,372380.6524378789,91723.81141190765,654845.1171531953,7565.554853585235,6513.242943743015,4959.905357536057,9757.793703202171,55.435776614310655,56.54,21.16,71.39,22.5130890052356,16,1.779503105590062,1.3897552813527285,12,12,False
2021,MOINHOS DE VENTO,540,617,438894807.1401776,812768.1613706993,370321.71021942387,79795.85409383119,828197.7725791349,8236.703877211286,6426.682839824181,5307.95738671665,9915.74834685335,84.36403703703704,40.45,13.6,108.76,8.333333333333332,24,1.6770186335403727,2.600934647937074,12,12,False
2021,BOA VISTA,505,637,374671398.20731056,741923.5608065556,441673.0994639296,77048.54850741915,858220.3699499733,7842.860127992589,7124.878105931214,5541.378756516056,9259.907001785576,86.33536633663367,45.88,12.0,97.39,19.405940594059405,18,1.5683229813664596,2.220340285040512,12,12,False
2021,CRISTAL,497,574,269329172.8365984,541909.804500198,396926.9211018627,226009.07562176284,683203.0812328139,7142.223834079342,5447.051856303935,4459.032957417792,9213.478592550004,94.41591549295777,58.52,40.65,87.25,12.877263581488934,39,1.5434782608695652,1.5960716917464184,12,12,False
2021,CIDADE BAIXA,496,538,211853019.69053668,427123.0235696304,290492.71892468876,190151.47559825983,458562.70766798337,6750.271300863411,6251.26614521888,4977.247407382185,7851.153841892909,59.51342741935485,44.545,29.9075,64.1,7.459677419354839,36,1.5403726708074534,1.2554622433872276,12,12,False
2021,JARDIM DO SALSO,493,617,274269211.6715497,556327.0013621697,365598.8702496484,115572.82276112873,681212.4186477914,7294.9350115776115,7319.910133873507,5240.435932445288,9467.768514863057,71.47249492900609,43.53,22.08,86.01,20.486815415821503,12,1.531055900621118,1.6253468573645793,12,12,False
2021,JARDIM BOTÂNICO,492,583,197514430.7788384,401452.0950789398,376238.62670423253,91526.03279604476,605145.781672,6683.7547423332935,6192.533851735597,5007.5981542312375,7930.733007163971,60.52217479674797,53.125,21.16,82.425,15.040650406504067,24,1.5279503105590062,1.170490327346646,12,12,False
2021,VILA IPIRANGA,466,536,164247932.09368792,352463.373591605,273556.6036079972,155154.79699356484,502613.3678758911,5397.260702105443,5088.873606476378,4483.754443212595,6064.968979206732,68.84452789699571,58.05,27.85,83.55,13.733905579399142,40,1.4472049689440993,0.9733497195332428,12,12,False
2021,JARDIM CARVALHO,436,574,174461144.32303742,400140.2392730216,411592.0351277051,214568.20169571255,494858.7785307558,5664.443972301389,5737.249833027087,4297.386434237055,6694.59005041437,70.81256880733945,67.5,47.06,78.6825,29.81651376146789,21,1.3540372670807452,1.0338742395819969,12,12,False
2021,SÃO JOÃO,433,508,184946722.1376813,427128.6885396797,291042.27429030905,80707.57997782671,621461.5435166318,5905.182615792953,5552.288826386662,4513.439303495119,6966.300401889028,71.40831408775982,60.64,15.13,90.28,13.163972286374134,25,1.34472049689441,1.0960128254072723,12,12,False
2021,BOM FIM,425,458,183588259.61367363,431972.375561585,404813.345149248,166779.98565803486,584567.3375257892,7072.061600815849,6471.227209489324,5284.536934665237,8496.216754126246,62.964282352941176,55.64,24.66,91.4,6.588235294117648,29,1.3198757763975155,1.0879624402372168,12,12,False
2021,CAVALHADA,422,464,141281589.77396986,334790.4970947153,279762.9492823782,150640.4930830886,385416.73071020783,4805.847317470144,4729.260130075581,4037.6847386557456,5852.902008789049,69.03331753554502,54.73,36.42,72.0975,9.24170616113744,40,1.31055900621118,0.8372488714394536,12,12,False
2021,SANTO ANTÔNIO,396,475,124141573.27820587,313488.8214096108,270495.90402907797,72587.60367105767,463102.14325983834,5706.571505208118,5359.516236985801,4673.446845921822,6652.950548632511,55.63737373737373,52.71,27.1525,71.41,18.68686868686869,28,1.2298136645962734,0.7356754145545851,12,12,False
2021,HIGIENÓPOLIS,390,509,238380662.95983204,611232.4691277745,454663.4847422805,101463.10914557254,771506.0245868976,6448.698226096021,6111.6030629608285,5034.156500223834,7665.217618350559,99.05028205128205,71.84,21.16,118.525,23.333333333333332,19,1.2111801242236024,1.4126677181040617,12,12,False
2021,HUMAITÁ,370,449,84534222.72566122,228470.8722315168,243177.61859796976,142767.6309109131,317393.551166595,4291.94936254326,4150.891084653938,3562.3239219349744,5111.934178778287,51.968783783783785,55.6,40.05,68.51,21.08108108108108,19,1.1490683229813665,0.5009582825922538,12,12,False
2021,INDEPENDÊNCIA,356,387,168696288.22866172,473865.9781703981,440414.721532695,100326.18218667376,698687.3038667457,7736.631810775406,6418.380781051906,5239.722057844816,8359.964918645604,69.5020786516854,48.225,21.0375,91.99,7.865168539325842,25,1.1055900621118013,0.9997111241559261,12,12,False
2021,VILA NOVA,347,387,125602422.34841698,361966.63500984723,259336.52580495138,179457.25483782717,420619.19233174797,4749.640288663845,4625.908802109611,3923.323154034568,5254.450912373128,77.92406340057637,59.86,43.17,91.92500000000001,10.37463976945245,34,1.0776397515527951,0.7443325526667368,12,12,False
2021,AZENHA,342,388,120067214.77832375,351073.72742199927,294919.89442571753,153297.07277092952,478424.499635075,5980.464134612581,5897.025104659207,4727.452691952224,7234.949286017846,63.353976608187125,53.35,26.0325,72.725,13.157894736842104,28,1.062111801242236,0.711530357429141,12,12,False
2021,JARDIM EUROPA,334,427,384869704.9005492,1152304.505690267,165310.41106438695,92604.36000146197,1699769.1804979742,10010.642205346076,7933.084825067421,6992.622713894879,12908.826450213437,85.1804491017964,23.275,12.0,132.49,14.97005988023952,6,1.0372670807453417,2.2807764733872586,12,12,False
2021,JARDIM ITU,334,405,161103812.613284,482346.74435114965,416340.7460629996,83079.80670893479,661759.7892584762,4788.943210527023,4767.940514469335,3872.4638985085285,5587.306563785007,107.85580838323355,78.23,25.68,138.10250000000002,18.562874251497004,25,1.0372670807453417,0.9547173521395119,12,12,False
2021,CAMAQUÃ,320,394,98991183.12561938,309347.4472675606,288634.8559564764,183139.17542924543,429458.4238595273,5059.945394051395,4903.876343716205,4380.560333443353,5766.885312214289,62.75096874999999,56.97,37.81,78.12,22.8125,21,0.9937888198757764,0.586631679944836,12,12,False
2021,JARDIM LINDÓIA,290,362,148536300.56371033,512194.1398748632,400978.4024661988,73415.72901962101,794088.4940135013,5894.589262371589,5601.189823469967,4707.813991654148,7058.524920276073,84.81748275862068,71.52000000000001,12.25,115.425,20.689655172413794,15,0.9006211180124224,0.8802410152215795,12,12,False
2021,NONOAI,269,315,105980270.19458917,393978.6996081382,332933.6790933224,181030.8592863225,443891.6898780469,4726.824907623151,4449.850817933105,3852.6776097431225,5397.908554726268,90.2282156133829,65.56,42.41,94.56,15.985130111524162,32,0.8354037267080745,0.6280497109158123,12,12,False
2021,IPANEMA,268,303,158300564.94380158,590673.7497903045,551943.4601411107,267229.7245756474,778245.3365089055,4390.384868138186,4452.732253579987,3558.871962708401,5334.974800986651,152.51451492537313,149.0,61.17,196.32,10.44776119402985,22,0.8322981366459627,0.9381050252864922,12,12,False
2021,MORRO SANTANA,261,318,78112771.94910179,299282.6511459839,267603.29678067047,211184.83427531325,325855.5467153805,4544.547405211092,4337.6547632541815,3683.4740864889045,5278.429890330778,81.67325670498084,54.74,46.0,77.85,21.455938697318008,28,0.8105590062111802,0.46290412122360153,12,12,False
2021,JARDIM LEOPOLDINA,258,264,44938291.84255234,174179.42574632692,162360.39530615098,118632.14927317247,203577.9610239779,3664.390402673235,3567.523982002116,3087.7673184925834,4069.3136842616013,52.70589147286822,41.39,31.01,58.550000000000004,2.3255813953488373,35,0.8012422360248447,0.26630882473638334,12,12,False
2021,TERESÓPOLIS,240,273,131973504.49477088,549889.6020615454,398979.270469156,256973.2439188637,658445.9319211943,6337.791008114084,5632.039326598871,4205.0516943535495,7209.04880279385,100.83558333333333,69.465,51.45,100.905,12.5,24,0.7453416149068323,0.7820882244808549,12,12,False
2021,SÃO GERALDO,235,259,93887183.23674926,399519.92866701813,280944.46537650435,140226.6497516054,516035.8918370509,4755.307435343272,4195.662594630245,3287.89756676421,6429.730157405315,98.85910638297872,67.45,33.474999999999994,92.94,9.787234042553191,21,0.7298136645962733,0.5563848646759798,12,12,False
2021,FLORESTA,225,251,92853192.06711,412680.8536316,303642.2278233496,166280.19667780734,517608.16538787156,5272.0904594337535,4988.898504753895,3756.5499114703766,6085.77363948857,90.72439999999999,66.5,37.94,86.0,7.111111111111111,21,0.6987577639751553,0.5502573292961483,12,12,False
2021,LOMBA DO PINHEIRO,216,229,130846302.78102157,605769.9202825072,511419.44423171924,191754.1090016818,654113.8914037624,4667.796717157715,4377.203576550384,2851.0356165067183,6088.254570657204,131.11365740740743,105.635,72.18,200.0,6.018518518518518,17,0.6708074534161491,0.7754083140676785,12,12,False
2021,PRAIA DE BELAS,216,231,107073591.94765085,495711.0738317169,487790.2251551009,231563.79151282104,665816.5953382226,10223.606765186645,11686.366330340348,6061.01780208052,13701.493404684585,46.812916666666666,43.22,31.9775,55.13,6.944444444444445,6,0.6708074534161491,0.6345288452838186,12,12,False
2021,CHÁCARA DAS PEDRAS,211,254,155410216.11235505,736541.3085893604,563207.11777967,95751.84935779686,1171425.8397560425,6382.237982763998,5937.398421609346,4946.805355693978,7456.129514039567,117.53763033175355,88.8,20.990000000000002,179.40000000000003,13.744075829383887,10,0.65527950310559,0.9209765282114911,12,12,False
2021,TRÊS FIGUEIRAS,207,245,234293242.27952135,1131851.411978364,555626.1600087718,84733.0510212009,1696227.2284607608,9385.397542441893,8067.324018121532,7096.68482622255,12320.22282659158,145.4447342995169,50.3,12.0,139.88,11.594202898550725,8,0.6428571428571429,1.3884452531872709,12,12,False
2021,MÁRIO QUINTANA,199,223,60179330.21613856,302408.6945534601,203878.40720973868,179540.67171112017,455607.6327487814,4035.7265858323917,4358.841265140087,3719.8482108023936,4616.020453972186,90.3205527638191,48.72,41.19,120.00999999999999,11.557788944723619,15,0.6180124223602484,0.356628746803126,12,12,False
2021,SANTA TEREZA,172,216,93191744.89942,541812.4703454651,321815.27365831705,211954.85536878137,738980.109135663,4689.622827298009,4320.505484780106,3319.9346043647765,5620.183456410504,118.17918604651163,87.02499999999999,49.69,132.1925,23.25581395348837,29,0.5341614906832298,0.552263627337016,12,12,False
2021,VILA JARDIM,166,207,89119362.39299503,536863.6288734641,298681.82926811755,79795.85409383119,887556.57317176,6069.761450193929,5448.945543241555,4298.943953330235,7562.973809158444,95.69445783132532,63.36,14.0425,119.68,16.265060240963855,22,0.515527950310559,0.5281302801469897,12,12,False
2021,MEDIANEIRA,155,187,58754264.45460232,379059.7706748537,321832.63873124,197591.960205369,530362.7664861749,5116.040448016807,4765.894904253572,4046.0763096382534,6163.489302255322,77.95677419354838,58.9,41.835,91.83,20.64516129032258,19,0.4813664596273292,0.34818366416722096,12,12,False
2021,JARDIM SABARÁ,151,201,61379821.668941945,406488.8852247811,410925.5920395688,219124.72561527416,592058.8821017779,4928.835444508604,4583.671929709457,4026.9645759911273,6386.674507972737,92.94913907284769,72.7,49.715,105.82999999999998,24.503311258278146,18,0.468944099378882,0.3637429795608433,12,12,False
2021,BOM JESUS,144,167,50614252.70984079,351487.86604056106,275837.70775498706,81733.56540945984,505691.63711703266,4885.936050827469,4647.6866515291,3781.987247601415,6404.7805085589325,83.249375,57.865,24.5,89.7775,12.5,17,0.4472049689440994,0.29994513813060963,12,12,False
2021,SANTA CECÍLIA,141,165,72031080.10872534,510858.724175357,402033.12192401197,207850.24584725915,552091.374329912,5497.4561445586705,5288.74783268991,4330.128426116958,6251.9821767122585,98.1087234042553,72.59,43.5,110.1,16.312056737588655,11,0.43788819875776397,0.42686340538833945,12,12,False
2021,GLÓRIA,138,161,48897578.15554352,354330.2764894458,346446.9998573838,202290.43024392374,513901.7424294477,5276.376119627459,4732.490863563593,3931.3743086311224,6562.846964920175,74.53644927536232,60.0,48.46,76.765,16.666666666666664,16,0.42857142857142855,0.28977195254065646,12,12,False
2021,RESTINGA,136,145,30662782.297894694,225461.63454334333,178742.71317018187,149587.36343280625,236992.73491814118,3896.3721122158495,3625.468704433313,2975.6364890677874,4795.869169832092,70.5325,47.78,42.1075,54.585,5.88235294117647,29,0.422360248447205,0.18171072335169847,12,12,False
2021,SANTA MARIA GORETTI,116,161,52281747.03804409,450704.7158452076,463136.4635400848,241268.84648570564,610699.0334956376,6180.410868230187,6213.881177560801,4897.219337078369,7348.384085741622,77.60517241379311,73.03,45.0,83.685,33.62068965517241,8,0.36024844720496896,0.30982687676798953,12,12,False
2021,ABERTA DOS MORROS,107,110,45202770.73209269,422455.80123451113,359773.54208299064,204433.40340463258,507471.04362603044,3060.32780755219,3106.5273278609206,1160.0045157338755,4394.106645861226,159.6618691588785,128.79,88.75,171.55,2.803738317757009,9,0.33229813664596275,0.2678761531628364,12,12,False
2021,GUARUJÁ,102,102,66539834.46167537,652351.3182517193,504713.90420335904,409145.8538642813,637311.2326029442,4158.619823778351,4230.820587000624,3534.666401397132,4882.248629662952,168.26039215686276,130.555,100.205,167.405,0.0,8,0.3167701863354037,0.39432173291604633,12,12,False
2021,PARQUE SANTA FÉ,100,101,31624440.666633513,316244.4066663351,250579.85843942128,190433.80573378928,456282.9169538637,4069.743821252234,4173.834879530639,3422.1296856523704,5203.882515200781,97.17630000000001,55.93000000000001,43.7825,116.19500000000001,1.0,12,0.3105590062111801,0.18740960729846748,12,12,False
2021,ANCHIETA,96,96,48271273.71508294,502825.7678654473,63414.44321598284,63414.44321598284,900485.0936669563,7399.631676140457,5993.803706614635,5993.803706614635,7702.506068467213,104.4503125,10.58,10.58,118.39,0.0,3,0.2981366459627329,0.2860604096086152,12,12,False
2021,RUBEM BERTA,93,95,22579880.655522067,242794.41565077493,174326.01264608835,150282.1918767154,298618.04591795884,3517.8884139078873,3266.672466629509,2728.0633878232884,3834.273181950493,82.052688172043,55.42,39.59,73.96,2.1505376344086025,21,0.2888198757763975,0.13381063750994476,12,12,False
2021,VILA SÃO JOSÉ,90,98,20890380.85313382,232115.342812598,242874.48023164578,54772.46710111763,293905.5931420437,4326.545631675361,4532.514863424598,3788.862372852337,4972.290046053127,67.96511111111111,50.98,13.594999999999999,63.394999999999996,8.88888888888889,17,0.2795031055900621,0.12379849222541205,12,12,False
2021,JARDIM ISABEL,89,111,71900477.89280163,807870.5381213666,850102.318531858,396800.0248132086,1111252.3200175436,4991.597993519432,4806.803063219564,4252.050285648195,5631.383662764019,173.50606741573034,177.41000000000003,83.64999999999999,250.0,13.48314606741573,4,0.27639751552795033,0.4260894435574699,12,12,False
2021,FARRAPOS,86,90,27375528.429658975,318320.0980192904,248653.9589959102,199082.5759571368,389569.05888398853,4975.1484615295285,4649.853979521076,3695.7942264142957,6523.902137269779,67.4993023255814,53.74,47.567499999999995,65.23,4.651162790697675,12,0.2670807453416149,0.16223012721940314,12,12,False
2021,SANTA ROSA DE LIMA,77,79,15066605.57954091,195670.20233170013,172891.0172033009,128414.24751236525,201288.8165966073,3613.570989288426,3287.3561541075064,2764.9637329837738,4800.5236937527425,63.2587012987013,45.24,41.19,49.32,1.2987012987012987,18,0.2391304347826087,0.08928621583375002,12,12,False
2021,VILA  ASSUNÇÃO,69,80,106766676.10121942,1547343.1319017306,1188620.2529691048,431333.17842130136,1895817.8587700354,6521.126476021271,5343.790209738931,4433.103005212844,7367.916388737437,216.04376811594204,214.0,83.26,296.0,8.695652173913043,7,0.21428571428571427,0.6327100311944336,12,12,False
2021,NAVEGANTES,67,70,75031894.19044788,1119879.017767879,305468.10176857695,197729.4095854868,550446.2218196687,3333.0957005561654,3111.432913125521,2516.913736174318,3496.1813149482196,305.83253731343285,87.84,60.8,201.10500000000002,2.9850746268656714,12,0.2080745341614907,0.4446465306160591,12,12,False
2021,PASSO DAS PEDRAS,62,66,19391444.105974305,312765.2275157146,249184.36334216123,164817.33578576823,341820.3785134309,3652.5743495993734,3921.381668472436,1146.4144883214021,5212.7731370840265,110.89225806451614,73.925,51.47,183.2725,6.451612903225806,8,0.19254658385093168,0.11491564271949821,12,12,False
2021,ESPÍRITO SANTO,56,60,36812848.943535015,657372.3025631253,609502.3056744259,434476.15747799585,808254.2865997859,3576.857858214943,3725.751038888847,2953.5430245215416,4353.849372077734,206.95392857142855,176.77499999999998,128.9875,243.9925,7.142857142857142,9,0.17391304347826086,0.21815663514089662,12,12,False
2021,JARDIM SÃO PEDRO,52,59,18459179.769292746,354984.2263325528,252013.4744000069,80458.15968281,550192.0171920817,4307.250149870789,4185.421316789792,3696.6606284092263,5110.557712687519,84.27596153846154,61.215,22.1,131.6,11.538461538461538,7,0.16149068322981366,0.10939095075490018,12,12,False
2021,VILA JOÃO PESSOA,46,47,15992174.710174546,347655.97196031624,305676.1045641316,129134.0230663357,504526.32214022917,3618.20300779736,3550.148502409039,2381.7334336017398,4589.32870615334,110.94956521739131,74.53,42.9975,167.5025,2.1739130434782608,12,0.14285714285714285,0.09477123133578384,12,12,False
2021,PONTA GROSSA,43,43,12937544.164171554,300873.1200970129,234550.88918187816,215609.10693434166,243488.58048631428,4326.307226163551,4252.047217036296,4090.3176748198093,4583.511465607564,77.98651162790696,55.68,46.08,58.715,0.0,7,0.13354037267080746,0.07666918434298672,12,12,False
2021,FARROUPILHA,34,34,14882233.777303051,437712.7581559721,425970.50594391266,217042.50597394342,584593.0177945028,5348.842294134572,5493.272201174832,4432.243515874099,6343.32845005246,81.63852941176471,75.945,50.85,110.9675,0.0,2,0.10559006211180125,0.08819361004133314,12,12,False
2021,COSTA E SILVA,33,45,6003192.197346328,181914.91507110084,220459.18008199846,142875.2982879699,231510.9000036549,3794.4126439304446,4009.5218042591437,3606.56038261632,4250.246007043416,51.04454545454545,50.12,31.82,58.61,36.36363636363637,7,0.10248447204968944,0.03557551907720947,12,12,False
2021,SÉTIMO CÉU,32,45,25926383.920677938,810199.4975211855,846754.385032095,591398.3159631987,973803.280864697,4821.086362754799,4786.017873908237,4312.091285280762,5207.491972766396,174.698125,169.185,105.03999999999999,222.815,28.125,2,0.09937888198757763,0.1536423515110596,12,12,False
2021,CAMPO NOVO,24,24,4703858.062966114,195994.08595692142,166620.5829482891,157240.81956327026,175747.8534203007,3932.3563652660036,4214.585242171462,4023.4337060490116,4574.441258864187,58.9175,39.03,38.24,39.03,0.0,4,0.07453416149068323,0.027875534674620128,12,12,False
2021,BELÉM NOVO,21,21,10603747.715771353,504940.3674176835,405933.1663502423,274097.1293732034,536387.7312187334,3911.1057453398457,3101.4960524395747,2728.3562934601664,4211.411392515903,152.6447619047619,116.0,76.8,206.13,0.0,8,0.06521739130434782,0.06283887251171033,12,12,False
2021,JARDIM FLORESTA,21,25,8431400.651991574,401495.2691424559,357188.24571992474,260680.92245010147,493634.6405773331,4771.987560423812,4652.6901272596115,3831.8524540658746,5420.1554737469605,92.49666666666666,68.03,45.59,162.0,19.047619047619047,4,0.06521739130434782,0.04996532592694836,12,12,False
2021,PEDRA REDONDA,15,15,28497547.538464177,1899836.5025642784,1697045.0098254276,1069683.0886856671,2183552.8952197116,6436.801110325918,5977.607291143986,5006.849971767011,7688.654475074037,295.184,218.55,188.19,429.48,0.0,2,0.046583850931677016,0.1688793249958691,12,12,False
2021,CEL. APARICIO BORGES,13,14,5491127.2406418575,422394.4031262967,372452.7762875999,191309.6638019788,558227.4281799681,4047.8736878524264,4105.851987740479,3423.279193819852,4753.4741389620685,171.47384615384615,102.12,49.21,124.0,7.6923076923076925,4,0.040372670807453416,0.03254097078404254,12,12,False
2021,VILA CONCEIÇÃO,12,12,17338475.008959938,1444872.917413328,1252552.355926366,905438.3215655487,2152054.286769095,4267.161631422901,4817.052209932104,3453.3004588083168,5083.230008318226,343.4866666666667,330.5,218.565,428.5575,0.0,2,0.037267080745341616,0.1027495419393098,12,12,False
2021,SERRARIA,9,9,6144101.602507562,682677.9558341736,681376.8847741712,430187.7291664236,771359.9229070349,2759.7548179231917,2658.4234404232984,2343.4572735063844,3277.1108348122893,263.28999999999996,211.52,196.61,275.57,0.0,2,0.027950310559006212,0.036410562345304015,12,12,False
2021,BELÉM VELHO,4,4,1656455.929776447,414113.9824441117,349884.892904663,318118.2774525923,445880.59789618244,4307.030652043481,3540.853696772795,2101.2668690559385,5746.617479760337,123.5475,116.0,78.0475,161.5,0.0,3,0.012422360248447204,0.00981632398115923,12,12,False
2021,LAMI,4,4,1787066.3349413308,446766.5837353327,489324.4022254343,332778.2818224649,603312.7041383021,3825.56972806428,3253.030767518985,2857.5372638938343,4221.063231689432,139.75,110.5,84.5,165.75,0.0,4,0.012422360248447204,0.010590334342293322,12,12,False
2021,AGRONOMIA,3,3,8239639.703228599,2746546.5677428665,3620617.18572645,2124923.4992685197,3805204.945209005,8282.138130966183,9603.313687699321,6899.089553218293,10325.774487080642,297.7233333333333,327.71,238.855,371.585,0.0,2,0.009316770186335404,0.04882893131109771,12,12,False
2021,CHAPÉU DO SOL,2,2,1355618.5607526612,677809.2803763306,677809.2803763306,410793.5032583822,944825.057494279,4404.943069920695,4404.943069920695,2796.5943702513964,6013.291769589994,140.0,140.0,130.5,149.5,0.0,1,0.006211180124223602,0.008033531558558779,12,12,False
2021,LAGEADO,1,1,140989.69169543,140989.69169543,140989.69169543,140989.69169543,140989.69169543,1762.3711461928751,1762.3711461928751,1762.3711461928751,1762.3711461928751,80.0,80.0,80.0,80.0,0.0,1,0.003105590062111801,0.0008355190541488651,12,12,False
2022,PETRÓPOLIS,2043,2518,1166789140.7297218,571115.5852813127,383438.4382216132,71473.01636996964,825329.9789781058,7192.680726601609,5755.1328736745445,4690.16870824232,9218.518635274353,74.84502692119433,53.61,16.105,99.47999999999999,16.299559471365637,76,6.324098436774493,7.772620205000514,12,12,False
2022,CENTRO HISTÓRICO,1624,1678,492993121.7631285,303567.19320389687,221070.5300834212,123835.39288573075,346518.1287507797,5368.3098063277985,5245.313785931207,3985.3671935039574,6513.171978248257,60.63179802955665,40.55,26.99,65.05,3.0172413793103448,93,5.027085590465872,3.2840966421284095,12,12,False
2022,MENINO DEUS,1204,1412,574339343.9376556,477026.03317081026,325977.86894822784,82975.06917560837,657739.577661575,6547.9885579139955,5689.319634782441,4745.186163012743,7807.512465565369,68.21260797342194,56.474999999999994,21.16,90.1525,13.372093023255813,65,3.7269772481040087,3.8259882899018534,12,12,False
2022,SANTANA,804,911,297507715.1482462,370034.47157742066,332441.0281218195,77972.03837600727,544068.3923722714,6697.990001915354,5625.625678207858,4470.2224816690505,7711.385137502679,57.2010447761194,44.05,18.9675,76.0525,11.691542288557214,45,2.4887788268069957,1.9818615010922958,12,12,False
2022,PARTENON,799,921,238921322.14530993,299025.4344747308,281319.61854882294,178378.99320800422,385474.41872304934,5777.954551701132,4707.406770015364,3830.761390343614,7279.482803023357,63.425444305381724,45.63,26.53,72.31,14.267834793491865,67,2.4733013465407834,1.5915855154005445,12,12,False
2022,RIO BRANCO,771,898,472631801.7988656,613011.4160815377,398231.4170205536,84155.98512658672,774047.9419870293,6823.656519792499,5742.732840530882,4581.238326428091,8663.486907586783,81.18936446173801,62.89,18.14,105.25999999999999,11.024643320363165,40,2.3866274570499924,3.1484587608435937,12,12,False
2022,PASSO DA AREIA,725,885,293202369.7507013,404417.0617251053,292040.07162757596,95671.2112962291,626580.1101767338,5806.316938977069,5276.439796772609,4220.391220220875,7307.221843460845,65.45017931034482,59.79,23.39,85.85,18.20689655172414,43,2.244234638600836,1.9531812422020431,12,12,False
2022,TRISTEZA,706,888,344745006.9778479,488307.3753227307,337650.68931004335,61407.26776210739,714311.1928379654,5687.838416142324,5451.125037735274,4143.3632678243275,6906.924415881798,78.73123229461757,60.425,13.785,103.78,17.988668555240793,27,2.185420213589228,2.296534920725464,12,12,False
2022,SARANDI,667,766,250246348.03582138,375181.93108818796,252332.81979380426,155161.96024565326,426424.5880898083,4068.8982420766897,3939.495267885819,3121.6682066559656,4879.405038392036,103.02203898050976,61.92,41.19,134.87,14.3928035982009,70,2.064695867512769,1.6670277028412774,12,12,False
2022,BELA VISTA,634,830,665846561.8680178,1050231.1701388294,132942.32343695755,70942.43078408783,1267672.4302106933,7438.166131774525,6011.4551420071475,4992.687997677255,8986.838395819059,105.39501577287066,28.515,12.0,144.28750000000002,14.98422712933754,21,1.9625444977557653,4.435567884158358,12,12,False
2022,MONTSERRAT,614,770,458358409.9455569,746512.0683152393,448763.9931411143,83320.70258206477,743760.3540660368,9289.216670383144,6999.362906926826,5147.693926582465,13301.27769141069,73.98285016286644,33.0,15.254999999999999,105.5025,15.798045602605862,20,1.9006345766909147,3.053375896219457,12,12,False
2022,CRISTAL,577,638,268537305.61893266,465402.6093915644,379489.90508367884,179383.52118042955,614834.4001287612,7673.800052619554,5951.833387934659,4094.2231793072397,11032.091208349793,70.73958405545928,43.5,37.05,72.7,8.665511265164644,38,1.786101222720941,1.7888737686954592,12,12,False
2022,CRISTO REDENTOR,563,672,190775663.2228192,338855.52970305365,334611.7985316143,78062.02033569038,495096.2930342821,5778.8368712252495,5062.694593833262,4062.8627063776153,6779.6365447212,61.88248667850799,54.14,21.16,75.235,16.69626998223801,32,1.7427642779755457,1.2708609660702561,12,12,False
2022,HUMAITÁ,554,619,116686093.60678402,210624.71770177622,218195.25921937643,35590.58677919014,284368.7883657292,3615.742277984041,3562.91729795856,2678.345775351276,4431.686080965007,57.092851985559555,50.8,10.58,65.68,11.010830324909747,21,1.7149048134963627,0.7773098472989308,12,12,False
2022,MOINHOS DE VENTO,550,625,525676734.2866534,955775.880521188,357775.24019428686,72513.99460197684,913021.2127891273,7768.277917233479,6384.326981997718,4904.249911368039,9364.566188367622,100.40794545454546,45.14,13.91,119.8275,8.363636363636363,25,1.7025228292833927,3.50182004921624,12,12,False
2022,BOA VISTA,508,731,350930057.4789687,690807.1997617494,461057.0200630168,71686.21251576945,940405.8372602183,7649.77534210666,6751.242169254507,5072.283030564007,9822.836427494936,81.74027559055118,60.35,12.12,111.14750000000001,25.787401574803148,19,1.5725119950472064,2.3377369227117817,12,12,False
2022,CIDADE BAIXA,503,538,184855501.72887287,367505.9676518347,273807.8782443986,163431.42354589642,413991.38772277575,6465.098355467488,5864.837788537235,4763.666875156414,7550.43677967073,64.1762027833002,40.73,26.06,67.64,6.560636182902585,37,1.5570345147809936,1.2314235345426237,12,12,False
2022,AUXILIADORA,496,579,255917032.6394915,515961.7593538135,314383.3268977834,71686.21251576945,714393.6070552693,7206.484884660272,6021.487261148061,5052.127585453208,8122.093445882552,65.30185483870967,45.43,12.0,90.675,11.088709677419354,23,1.535366042408296,1.704803232444772,12,12,False
2022,JARDIM LINDÓIA,490,651,203618131.04984248,415547.2062241683,434493.27554142405,59794.50706014319,595493.3212088544,6040.534571437561,5626.035141045423,4487.304400535051,7838.259885424719,70.92726530612245,62.519999999999996,12.0,84.51249999999999,27.755102040816325,15,1.5167930660888407,1.3564116636469938,12,12,False
2022,HÍPICA,482,485,202552412.2229544,420233.2203795734,334293.5769293809,228435.48700541147,523455.0969370182,4095.464053964616,4275.074768307437,2588.351522951095,5495.5966188743505,118.30541493775935,102.645,60.63,150.10750000000002,0.6224066390041494,34,1.4920290976629005,1.3493123280450707,12,12,False
2022,AZENHA,480,605,180561982.6022762,376170.79708807543,310178.3292524347,119102.99635859234,557562.7205178019,5988.706370744653,5680.911658591675,4373.908635747187,7720.041618467963,64.11647916666666,57.57,28.795,75.13250000000001,24.791666666666668,28,1.4858381055564154,1.20282205690711,12,12,False
2022,SÃO SEBASTIÃO,463,526,146086393.5774508,315521.3684178203,238093.8071690423,60428.328834980704,546728.7953770192,6469.496774634848,5711.562271737307,4517.089635524226,8371.978737671447,50.8714686825054,26.32,10.58,69.375,12.958963282937367,16,1.4332146726512924,0.9731613148932929,12,12,False
2022,HIGIENÓPOLIS,445,557,237936340.5424398,534688.4057133478,412664.9894890529,94589.90771211711,717743.5000470012,6313.517598877446,5700.5170725206335,4569.249817389846,7621.513220284854,83.30319101123595,64.57,19.32,106.94,19.325842696629213,18,1.3774957436929267,1.5850240145768104,12,12,False
2022,JARDIM DO SALSO,445,614,231093998.3137365,519312.3557612056,317853.0096719985,106413.64617613175,861774.1238487841,6598.132772386726,6713.199407617651,4618.647837505719,8399.230910733471,69.17049438202248,47.38,22.08,114.49,24.9438202247191,13,1.3774957436929267,1.5394434331333746,12,12,False
2022,VILA IPIRANGA,418,508,139710231.37471485,334235.0032887915,250077.02741119408,152675.71807307776,480953.8393229207,4977.063692321767,4734.227924673172,3911.5809061896034,5836.325270499244,67.22081339712919,57.41,32.3,78.175,19.85645933014354,40,1.2939173502553785,0.9306862134055031,12,12,False
2022,JARDIM BOTÂNICO,414,522,203576348.33495829,491730.30998782197,361874.50353425136,107289.4731096294,626658.1385927759,6217.766904995688,5686.7051347908055,4507.0142033030625,7643.64691880568,78.04946859903382,56.55499999999999,24.802500000000002,93.605,21.256038647342994,25,1.2815353660424083,1.3561333261457331,12,12,False
2022,BOM FIM,403,450,167430921.4985302,415461.34366880945,357365.0818498482,127801.43893266217,591957.1810956544,6394.953172319623,5928.311913153253,4968.765838254895,7631.404456374524,66.33,58.35,23.85,89.33,9.181141439205955,30,1.2474849094567404,1.115348881776048,12,12,False
2022,INDEPENDÊNCIA,396,431,229867998.2707687,580474.7431080018,448599.81544218305,149406.2228273521,654518.5933908473,7476.582165993799,6164.170557205658,4963.403914581226,9977.071259228795,85.26580808080809,46.349999999999994,27.7225,91.9,8.080808080808081,25,1.2258164370840428,1.5312763767453255,12,12,False
2022,SANTO ANTÔNIO,388,443,111508404.22443196,287392.7943928659,259101.80837704625,71559.95277642216,412250.674684504,4925.744587981506,4620.802255849876,4067.2283282837043,5712.270431413047,60.80716494845361,57.045,21.16,71.05000000000001,13.402061855670103,27,1.2010524686581026,0.7428184283238475,12,12,False
2022,CAVALHADA,381,431,110523894.9019024,290088.9629971192,197247.39010948487,130061.12310416103,376545.35603784036,4361.7492234073925,4187.5798347708605,3388.8486759026055,5078.957397346798,69.12010498687664,50.66,36.42,77.91,12.073490813648293,42,1.1793839962854047,0.7362600736175989,12,12,False
2022,FLORESTA,360,377,144681309.94402647,401892.5276222958,260997.6363807277,206793.40004408205,375276.9751805797,6771.734142471542,5023.0103886782645,3582.843881771559,9677.614102614636,111.54855555555557,52.285,19.05,83.4525,4.722222222222222,23,1.1143785791673115,0.9638012848264728,12,12,False
2022,TERESÓPOLIS,360,424,169461608.2522056,470726.68958946003,450771.72228847165,236277.42570339603,612936.0420585442,7143.111694660491,5804.719323102148,4344.745878990202,10017.93084797306,79.83077777777778,59.64,35.55,76.87,17.22222222222222,24,1.1143785791673115,1.1288763961663284,12,12,False
2022,SÃO JOÃO,356,434,151433828.2554204,425375.9220657876,300098.94149070635,108770.99190296527,615754.052198493,5569.325618363187,4993.929035974777,3967.159810324015,6661.386759524659,76.55140449438203,66.91,29.1325,93.36,17.97752808988764,25,1.1019965949543413,1.0087835000611396,12,12,False
2022,JARDIM CARVALHO,332,413,128540527.18606727,387170.26260863635,410175.60991312814,180905.91993676763,486306.60114276886,5544.71830934283,5515.370065239947,3961.075019903883,6981.727033253949,66.64521084337349,66.875,45.0,78.67,23.49397590361446,18,1.0277046896765207,0.8562787087159546,12,12,False
2022,MORRO SANTANA,327,428,78492835.48721474,240039.25225447933,250541.65246939813,184783.44634175178,289868.785388133,4448.743323921772,4564.23872172643,3496.342944474141,5183.500487422847,58.24712538226299,54.82,43.36,57.755,30.886850152905197,27,1.012227209410308,0.52288367945741,12,12,False
2022,JARDIM LEOPOLDINA,326,333,53219209.5127423,163249.10893479234,147587.08671462035,113374.07221686434,185189.38233240444,3378.9516940055837,3239.5969811786954,2753.215965118877,3895.312365010946,54.56156441717791,41.52,35.5125,58.447500000000005,2.147239263803681,35,1.0091317133570654,0.3545222428914566,12,12,False
2022,CAMAQUÃ,312,375,84713017.26713601,271516.0809844103,251580.26407613355,109799.71471405272,386164.05466224626,4545.8547176128695,4500.828112836339,3820.2283989917687,5265.589876826829,63.92474358974359,56.9,35.0375,72.69,20.192307692307693,25,0.96579476861167,0.5643197100937213,12,12,False
2022,VILA NOVA,300,343,101546301.96867359,338487.67322891194,242209.1573984361,164127.44673158947,370881.2794503623,4084.9077129279854,3996.1219941789595,3229.416963615163,4845.602732795945,92.50800000000001,60.34,49.28,109.9725,12.666666666666668,33,0.9286488159727596,0.6764554201551547,12,12,False
2022,JARDIM ITU,290,363,126145688.30049528,434985.1320706734,357927.8838562826,83332.8325091648,657965.6041987648,4513.29162377778,4502.289736363256,3620.2564131118984,5477.368730906656,95.07562068965517,75.61,23.3025,128.36,22.06896551724138,24,0.8976938554403343,0.8403253779384019,12,12,False
2022,IPANEMA,272,309,140252651.04732192,515634.74649750703,392131.1611680214,238828.22598169005,749198.5941100975,3976.218037556601,3994.7913284856804,2975.805244501247,4839.878776404676,147.74970588235297,138.325,56.474999999999994,203.1475,12.132352941176471,23,0.8419749264819687,0.9342995673181549,12,12,False
2022,NONOAI,259,296,80339005.3500396,310189.20984571276,261050.38056711663,155315.91218810916,408422.80439764983,4243.1890774599715,4011.071099590243,3309.4115973244407,4994.61390686586,80.92833976833977,61.37,39.455,86.33,13.513513513513514,31,0.8017334777898159,0.5351820259852849,12,12,False
2022,RESTINGA,215,225,36361010.019538596,169120.97683506325,150859.06053781594,118070.83367565219,190521.0152537478,2985.943057824222,2601.0962451295163,1859.3224616235436,3842.037092734087,65.25288372093024,50.0,45.735,69.88,4.651162790697675,28,0.6655316514471444,0.24222056178491533,12,12,False
2022,TRÊS FIGUEIRAS,211,250,229494834.53013724,1087653.2442186598,502304.8069947333,71894.70716655247,1396853.963165917,8392.17466333233,6891.115836079282,5642.34914602075,11801.720274470563,115.90928909952606,44.08,12.61,143.04000000000002,12.796208530805686,8,0.6531496672341742,1.5287905291067438,12,12,False
2022,SÃO GERALDO,202,225,92793813.31545702,459375.31344285654,271185.7559555692,162044.99271797593,500788.5500535382,4253.594018781612,3744.4329823267453,2948.711401038312,5349.578718518651,138.41732673267327,65.515,45.675,101.0125,7.425742574257425,21,0.6252902027549915,0.618150309338403,12,12,False
2022,LOMBA DO PINHEIRO,192,209,74574529.6569089,388409.0086297339,357418.34844661213,143789.41433310494,474389.96308223077,4254.070086949217,4346.809164692586,3067.4104995523403,5107.528134653707,89.74098958333333,78.13,41.025,99.12,8.854166666666668,21,0.5943352422225662,0.4967817026709623,12,12,False
2022,JARDIM EUROPA,174,244,261316909.24069294,1501821.3174752467,279243.38322503417,119647.88857627832,1938998.6105201526,10059.786283532807,9166.000953019004,6198.600018515454,13320.73677782904,108.75120689655172,39.21,17.055,159.325,18.96551724137931,6,0.5386163132642006,1.7407747619267473,12,12,False
2022,PRAIA DE BELAS,173,181,95948358.71129027,554614.790238672,442335.3670720588,201679.99174874413,640472.3412847237,9267.200603203662,9670.464072603698,5451.600197001862,13309.508428567595,58.58653179190752,46.39,35.78,58.36,4.624277456647398,7,0.535520817210958,0.6391644604179292,12,12,False
2022,CHÁCARA DAS PEDRAS,164,198,142835357.79289103,870947.3036151892,705093.5139642358,131424.72294557732,1470014.4592855035,6125.935560016944,5794.2412430696,4425.371725760866,7384.641479134922,149.72500000000002,109.56,21.16,249.88,13.414634146341465,10,0.5076613527317753,0.951504388595157,12,12,False
2022,SANTA TEREZA,164,201,85929766.97884536,523961.9937734473,330622.2615580846,197097.09842952417,897107.7036870553,4590.766075090864,4195.0436723979155,3250.809335253621,5462.31120932564,122.23432926829268,90.245,52.2325,168.10000000000002,17.682926829268293,30,0.5076613527317753,0.5724251449692516,12,12,False
2022,VILA JARDIM,151,201,80176010.56175059,530966.9573625867,312446.3491845687,77162.22341549248,834969.9156204707,5136.620412453756,4652.06108748785,3419.0282686176224,6731.142492268811,114.21298013245035,72.14,18.58,146.825,16.55629139072848,21,0.46741990403962236,0.5340962286115001,12,12,False
2022,JARDIM SABARÁ,150,191,62974718.553115025,419831.45702076686,416074.72062435397,200953.8167531738,596847.4577042105,4893.97914872604,4643.271664431561,3825.6234538676135,6073.98318090753,96.63593333333333,73.22,49.43,112.9275,23.333333333333332,19,0.4643244079863798,0.4195090207336329,12,12,False
2022,SANTA CECÍLIA,145,164,93044988.33274642,641689.574708596,357365.0818498482,239649.02388850824,554150.1287424425,6244.612369694577,5431.627770740558,4331.697961816342,7049.861635203147,124.69862068965519,70.34,25.08,95.06,12.413793103448276,11,0.44884692772016715,0.6198235234147303,12,12,False
2022,PARQUE SANTA FÉ,144,148,42499935.84963156,295138.4434002192,232107.67147860897,182187.05636551644,384252.0699198061,3955.2484550145623,4022.266089336763,2902.767750879052,5135.742733763645,100.280625,50.14,39.53,116.075,2.7777777777777777,12,0.4457514316669246,0.28311530212689207,12,12,False
2022,SANTA ROSA DE LIMA,142,142,26717602.829931125,188152.13260514877,174587.828845145,131150.7821911047,192050.35061760628,3277.7386658802375,2798.0624488579997,2402.5896321852733,4641.788890698049,80.3112676056338,45.24,40.26,52.55,0.0,23,0.43956043956043955,0.17798055564283474,12,12,False
2022,BOM JESUS,140,171,48457764.35313667,346126.88823669055,301120.1704925543,137791.80896473856,486966.4131940922,4487.516710275493,4351.604464061478,3333.313300366592,5686.219959216014,80.2717142857143,68.225,38.3925,92.03999999999999,19.28571428571429,16,0.4333694474539545,0.3228036541930678,12,12,False
2022,MÁRIO QUINTANA,138,164,37713710.40967808,273287.75659187016,201888.85393908952,160813.62865261198,317994.9454121934,3190.1982600913702,3564.8175830244763,1995.9236730088348,4257.803633502752,107.92202898550725,61.41,41.004999999999995,136.455,18.84057971014493,17,0.42717845534746945,0.2512316384368069,12,12,False
2022,GLÓRIA,136,153,52080632.86373092,382945.8298803744,317717.01521624037,179648.45623239328,503191.8871140117,4630.822808146817,4444.874676415617,3460.187469489654,5822.107773532356,94.7747794117647,60.0,42.1725,120.99000000000001,12.5,17,0.42098746324098435,0.34693756151405464,12,12,False
2022,RUBEM BERTA,128,135,21930853.66333747,171334.79424482398,147707.44562249462,114983.4370668465,177523.14822969004,2931.579901276376,2831.8530448429387,2350.5191311202793,3451.4560669641596,65.28968749999999,53.65,39.39,60.92,3.90625,22,0.3962234948150441,0.1460934031233431,12,12,False
2022,MEDIANEIRA,123,142,37888253.2296835,308034.5791031179,285670.98028136493,83326.76754561478,458291.0195947506,4319.307590753261,4383.413080670223,3463.102053901906,5061.855415470818,75.13772357723576,64.11,23.945,91.5,14.634146341463413,18,0.38074601454883145,0.25239436356172834,12,12,False
2022,SANTA MARIA GORETTI,121,140,47774847.30566968,394833.44880718744,423289.83701172407,249962.1077461943,501326.5108742207,6348.956897902198,5915.605136301488,4327.810637623066,9127.2793612817,68.04057851239669,52.94,44.66,82.78,14.87603305785124,9,0.3745550224423464,0.3182543704740219,12,12,False
2022,ABERTA DOS MORROS,78,78,34454986.42032052,441730.5951323143,369071.43447824416,276444.0963216373,494956.3400369199,3605.6940742513243,3593.1154977614574,2078.7344347229937,4934.7067101091025,147.10410256410256,115.91,87.5175,159.235,0.0,8,0.2414486921529175,0.22952349680432688,12,12,False
2022,COSTA E SILVA,73,82,8777743.611681623,120243.06317372088,95581.6166876926,95581.6166876926,159170.78166006328,4793.796296664204,3755.290534743038,2845.828168989197,8549.339596394688,33.78684931506849,22.43,11.02,48.03,12.32876712328767,8,0.22597121188670485,0.05847334789883414,12,12,False
2022,JARDIM ISABEL,73,84,46474746.14320568,636640.3581261052,697600.5693768638,221167.6835360294,952973.5515995952,4065.635372701446,4090.2351630730805,3465.7796930378245,4921.841695816552,170.42,186.0,91.81,261.34,9.58904109589041,4,0.22597121188670485,0.30959368602713677,12,12,False
2022,GUARUJÁ,71,71,32850611.67738079,462684.6715124055,459003.3606321346,368967.1914623007,553992.603831857,3565.193491064301,3388.0816157017944,2813.176424665784,4538.6443586168025,149.90887323943662,136.64,104.22999999999999,176.875,0.0,9,0.21978021978021978,0.21883587972934548,12,12,False
2022,FARROUPILHA,70,85,35818549.05765538,511693.5579665054,496788.95402952074,321916.43517477316,626237.0762378271,7137.940380352377,6808.620209101502,4319.593812411484,10483.909815229446,77.28057142857142,59.385000000000005,42.37,93.08500000000001,21.428571428571427,2,0.21668472372697725,0.2386069328218273,12,12,False
2022,FARRAPOS,69,71,18916417.57325576,274150.9793225472,203301.32400448684,172614.34587907218,357140.71075356344,4315.350174034998,3894.3471458679783,2812.608107685146,5709.761790839508,85.20782608695653,50.64,44.49,65.23,2.898550724637681,15,0.21358922767373473,0.12601259670977086,12,12,False
2022,JARDIM SÃO PEDRO,68,84,34658602.19314419,509685.3263697675,384765.48215796566,119010.7346577807,625576.3185763627,5048.462929827941,4469.932673776324,3604.8485926686435,5583.448305640322,119.90779411764707,69.94,25.419999999999998,139.865,19.11764705882353,7,0.21049373162049217,0.23087989275854037,12,12,False
2022,NAVEGANTES,68,69,40063196.619393066,589164.6561675451,239886.2327871968,171927.1407672902,450365.23486166407,2992.559164432115,2978.228311016127,2338.3330323993773,3568.6097359761397,215.90147058823527,90.805,60.785000000000004,189.75,1.4705882352941175,12,0.21049373162049217,0.26688285025180525,12,12,False
2022,PASSO DAS PEDRAS,67,74,19994966.036174692,298432.32889812975,232743.05407182584,178546.4224383004,294225.48273893667,3860.720485870293,3389.497878243406,2251.7987000126877,4498.396347864819,114.70955223880598,62.85,48.41,109.36,10.44776119402985,14,0.20739823556724965,0.13319739752966284,12,12,False
2022,VILA SÃO JOSÉ,67,79,15486457.604441267,231141.15827524278,215124.8506525313,126816.24166952126,286828.62540103507,3565.975117662141,4010.3143289332984,2425.1220766941597,4471.90605133988,81.59447761194029,51.49,39.114999999999995,64.81,17.91044776119403,13,0.20739823556724965,0.10316375862470163,12,12,False
2022,ESPÍRITO SANTO,66,70,34587617.67888672,524054.8133164654,469472.2841422707,303056.5945022677,714807.0723035316,3402.06431358659,3490.0570626677363,2348.2696339316226,4216.672599021602,168.8927272727273,154.245,95.92999999999999,229.905,6.0606060606060606,9,0.20430273951400713,0.2304070261106603,12,12,False
2022,VILA  ASSUNÇÃO,59,59,88201060.32268378,1494933.2258081997,1309515.9394297325,877911.3904840511,1873646.4791868338,5224.427744788972,4909.116684265493,4062.4551282832463,5836.588417094681,320.31711864406776,272.92,177.06,428.115,0.0,7,0.1826342671413094,0.587555471366325,12,12,False
2022,CAMPO NOVO,45,45,7990992.508083521,177577.6112907449,155320.1271175005,145027.98920395368,169381.78112903875,3698.907850978691,3799.808069886933,3302.7278080765623,4155.450777805673,54.716222222222235,39.03,38.24,47.0,0.0,6,0.13929732239591394,0.05323236877872629,12,12,False
2022,JARDIM FLORESTA,45,53,18266122.342411082,405913.8298313574,362569.97300988424,223948.78462590487,573489.7001261556,4723.445187888513,4383.5107341045,3947.929759200237,4764.292012739639,97.44311111111111,74.22,50.03,134.22,15.555555555555555,4,0.13929732239591394,0.12168062474153872,12,12,False
2022,VILA JOÃO PESSOA,43,47,10615086.111044008,246862.46769869787,211241.00110164942,71101.59263361614,306616.30446777365,3633.141007041539,3391.2597720071926,2795.088235345106,4470.2224816690505,80.02232558139535,43.64,20.085,96.0,4.651162790697675,12,0.1331063302894289,0.0707128905338631,12,12,False
2022,PONTA GROSSA,32,32,11529125.801386245,360285.18129332014,258811.2674170296,228881.67959476003,300151.956862242,3557.4165458566445,4122.348601789579,2353.6667137534537,4661.4754440568795,142.17218749999998,57.08,55.68,182.755,0.0,8,0.09905587370376102,0.07680180850312295,12,12,False
2022,BELÉM NOVO,24,24,8482597.245498834,353441.55189578474,301453.59650829446,266163.9137491107,365294.8446240915,3164.3475177899636,2423.684183490084,1283.791370909204,4432.269820635027,161.31541666666666,126.0,79.2675,230.95,0.0,9,0.07429190527782077,0.05650721663385674,12,12,False
2022,SÉTIMO CÉU,22,24,19359594.951805554,879981.5887184343,901978.2673178322,723739.2932434168,1119886.6003820307,4112.000494449398,4017.2786555514476,3754.1548085334884,4704.715623813807,219.90363636363637,222.56,191.16250000000002,250.78250000000003,9.090909090909092,2,0.06810091317133571,0.12896484345828016,12,12,False
2022,PEDRA REDONDA,20,20,45824403.304731235,2291220.1652365616,1800093.0550529256,1259975.2904176554,3128561.1164421774,6720.003167309931,6162.946773811986,5286.988815752347,7591.963929733559,327.38,310.95,209.59,423.8675,0.0,1,0.061909921064850645,0.3052613969184616,12,12,False
2022,VILA CONCEIÇÃO,20,20,43728571.834579125,2186428.5917289564,2033303.6206683952,649751.5119216794,3413652.136670712,5460.327540471206,4642.975316436157,3592.6373819286787,7674.61821195989,366.88300000000004,383.42499999999995,202.2175,502.22,0.0,2,0.061909921064850645,0.29129991796521026,12,12,False
2022,ANCHIETA,19,19,16543068.991250273,870687.8416447513,496720.8630235414,425763.9194896971,803160.7663420103,9370.395738562704,7107.805806074149,3100.5587943925857,16244.33115183888,225.43526315789475,82.94,26.21,268.0,0.0,2,0.05881442501160811,0.11020242459035248,12,12,False
2022,CEL. APARICIO BORGES,18,20,5411603.910064983,300644.66167027684,208663.9916027615,145752.93764065127,414646.26276514883,3544.3119737327315,3691.3491126307636,2293.7799143130196,4445.220399329503,99.10555555555555,50.435,34.7675,160.7825,5.555555555555555,4,0.055718928958365575,0.036049651496177504,12,12,False
2022,SERRARIA,11,11,4657739.811337263,423430.8919397512,515245.4013602927,319003.6456951741,533221.9468322166,2972.372731768379,3349.939400795981,2336.789818203605,3577.770302448598,160.7809090909091,139.1,108.9,200.01,0.0,2,0.034050456585667854,0.031027750690749208,12,12,False
2022,BELÉM VELHO,5,5,2021960.7616782167,404392.15233564336,296588.22315991786,188646.85233785276,527233.5899152897,2598.452690370401,2453.732907875877,659.604378803681,3813.658520765306,205.538,214.87,152.3,286.0,0.0,2,0.015477480266212661,0.013469385788172002,12,12,False
2022,LAMI,5,5,1132521.1379928808,226504.22759857617,271927.47975741315,137398.5739885581,296588.22315991786,2484.4845092196624,1482.9411157995892,718.9470716655247,4579.952466285271,185.10999999999999,100.0,54.55,200.0,0.0,3,0.015477480266212661,0.007544342308712583,12,12,False
2022,CHAPÉU DO SOL,3,3,2170075.0819419194,723358.3606473064,756719.2616969369,421839.0491402,1041558.1226792282,4851.380982275017,5276.982299141819,3106.0117763637218,6809.550846619713,131.79999999999998,143.4,118.2,151.2,0.0,1,0.009286488159727596,0.014456056231137882,12,12,False
2022,AGRONOMIA,2,2,425779.38480553054,212889.69240276527,212889.69240276527,166005.69317635734,259773.6916291732,1944.9265872000078,1944.9265872000078,1456.6978218518307,2433.155352548185,113.985,113.985,109.47749999999999,118.4925,0.0,1,0.006190992106485064,0.002836349202858033,12,12,False
2022,SÃO CAETANO,2,2,855004.3076374807,427502.15381874033,427502.15381874033,349724.06924553856,505280.2383919421,1945.668893825064,1945.668893825064,1460.8575333247363,2430.480254325392,239.31,239.31,219.655,258.96500000000003,0.0,1,0.006190992106485064,0.0056956510177574304,12,12,False
2022,LAGEADO,1,1,1365680.231670564,1365680.231670564,1365680.231670564,1365680.231670564,1365680.231670564,6828.40115835282,6828.40115835282,6828.40115835282,6828.40115835282,200.0,200.0,200.0,200.0,0.0,1,0.003095496053242532,0.009097542470796168,12,12,False
2023,PETRÓPOLIS,1702,2136,967887639.4691637,568676.6389360538,357337.8876372742,69783.42987905352,798575.2566254312,6702.760067214294,5416.534290938772,4252.212212272923,8550.205368367231,75.10356639247944,56.195,19.572499999999998,104.685,17.215041128084607,73,5.58252427184466,7.1301555049810235,12,12,False
2023,CENTRO HISTÓRICO,1504,1547,447481286.1108161,297527.4508715533,220168.83569008432,120248.28322897678,330204.03032651043,5338.598152559585,5005.566825524676,3788.1622857374623,6355.65483340313,59.487746010638304,41.224999999999994,25.4925,65.2975,2.859042553191489,94,4.9330884282340595,3.296468541832923,12,12,False
2023,MENINO DEUS,1234,1412,583272430.8729641,472668.0963314134,312330.120958628,78887.51591058828,602773.9617026863,6315.532439972582,5459.842233329034,4721.620320338783,7613.366212415558,68.87705024311182,51.685,20.23,88.17,11.750405186385738,65,4.047494096037785,4.296803641560531,12,12,False
2023,RIO BRANCO,799,952,448599850.2598207,561451.6273589745,352299.09257358394,76332.40771092217,742342.587618744,6578.171771010856,5397.627696548411,4362.326596315255,8490.989709367459,76.88135168961202,61.23,14.899999999999999,108.405,12.891113892365457,39,2.620703227499344,3.3047086887254626,12,12,False
2023,PARTENON,765,909,214419532.42884514,280286.9704952224,272364.60344959045,149955.3402418868,378792.3991669822,5404.041396398652,4439.965393725626,3632.7545184148967,6633.253335955071,60.11567320261439,49.76,26.53,70.05,16.209150326797385,67,2.5091839412227763,1.5795682754678833,12,12,False
2023,SANTANA,704,796,247423130.47351062,351453.31033169123,343429.4814110999,80087.57460726125,512093.635136947,6046.807874015216,5069.386972166805,4050.2251769852373,7302.295708640053,60.460014204545466,51.519999999999996,21.9375,80.775,11.363636363636363,45,2.309105221726581,1.8226964823860063,12,12,False
2023,SARANDI,676,794,240618404.21618676,355944.3849351875,236623.39499825134,144063.5703137806,429029.62632092775,3993.010643685511,3893.9581963729333,3220.19487578802,4811.906979821981,95.33921597633137,58.870000000000005,40.77,128.5,17.159763313609467,70,2.2172658094988194,1.772567981509441,12,12,False
2023,PASSO DA AREIA,654,803,263826028.26894552,403403.712949458,286362.9492499555,91371.04164717149,613689.4321768476,5727.992907828464,5325.919248621948,4160.651831146443,7232.80585388207,67.49600917431192,59.66,22.15,87.13,19.113149847094803,44,2.1451062713198636,1.9435320083752678,12,12,False
2023,MONTSERRAT,610,801,458264878.9008597,751253.8998374749,416665.1998645826,68685.89628221998,883574.2751238174,7959.496684412579,6314.809372964604,4885.044188046224,10388.606784263286,81.2859180327869,39.504999999999995,12.43,123.63,19.01639344262295,20,2.0007871949619522,3.3759082312761852,12,12,False
2023,TRISTEZA,610,741,286762715.90113866,470102.81295268633,306642.56555492984,57742.88375786376,738411.9071466781,5523.983738739354,5369.895627745185,3791.57400365714,6897.763705520081,83.61470491803279,63.445,12.5,105.07249999999999,15.245901639344261,28,2.0007871949619522,2.1125001229762628,12,12,False
2023,BOA VISTA,558,715,324443914.2459047,581440.7065338794,316881.567970709,67996.53085687508,758170.720919289,7278.666600236335,6426.893275697076,4923.652459689587,8620.744967759143,73.80593189964159,42.59,12.0,94.2075,19.35483870967742,18,1.830228286538966,2.3900868932335713,12,12,False
2023,VILA IPIRANGA,530,644,181872503.35282254,343155.66670343874,263173.2521830223,82988.4972398387,521249.12338323955,5336.840245569136,4685.72085351355,4034.1643246139356,6708.452422027779,63.95550943396226,56.64,25.8275,78.19500000000001,18.867924528301888,41,1.7383888743112044,1.3398034834880457,12,12,False
2023,SÃO SEBASTIÃO,512,648,197204443.7138662,385164.92912864493,440295.33915327635,80157.52803013589,589984.3060198606,6523.961363290732,6941.666871669824,4329.760850804817,8354.539212703965,56.414394531250004,60.81,21.16,77.7,26.5625,14,1.6793492521647861,1.4527495678365265,12,12,False
2023,CRISTO REDENTOR,499,603,169262490.9940377,339203.38876560656,343566.5235113622,90915.89485769908,499448.8396510072,5545.91637835345,4816.420935695318,3877.7704239419,6391.278790151206,63.34625250501002,58.16,28.53,79.94,17.234468937875754,32,1.6367095250590395,1.246909075737183,12,12,False
2023,MOINHOS DE VENTO,493,564,396838293.13159335,804945.8278531305,299070.8454326597,80349.90285360228,888488.0031965009,7576.5007137277025,5730.69327981322,4572.5284503962785,9009.436355159023,86.00624746450303,48.38,14.86,116.0,8.519269776876268,25,1.6170296510102335,2.923395882926398,12,12,False
2023,BELA VISTA,473,586,323960924.33763325,684906.8167814657,263401.00135871104,67617.87078050425,813758.4457334772,7218.597328236738,7185.720117117134,4911.965537058354,8721.884249607017,78.95427061310781,30.82,12.0,102.58,13.530655391120508,21,1.5514300708475466,2.386528842678033,12,12,False
2023,AUXILIADORA,444,531,250359850.69383395,563873.5375987251,306256.2717749557,68685.89628221998,735749.3800714728,7288.182903994424,5649.316499276902,4752.681480524429,9109.483620159137,74.37565315315315,46.83,13.465,90.0325,12.162162162162163,22,1.4563106796116505,1.8443304727291536,12,12,False
2023,AZENHA,430,508,151707898.21465874,352809.0656154854,298442.4963133799,85601.22674126393,487611.7162798865,5823.05082884785,5375.090070452259,4318.690418113553,7067.5472802057,62.91072093023256,55.7,25.11,71.1975,15.813953488372093,29,1.4103909734977695,1.1175893373301127,12,12,False
2023,CRISTAL,421,488,198882813.57007056,472405.7329455358,344134.553496901,222837.10051845232,569588.0812834848,7005.969894762581,5227.856697139611,3791.57400365714,9598.120060457464,77.94914489311164,52.65,37.89,85.07,12.114014251781473,39,1.3808711624245604,1.4651136456298675,12,12,False
2023,HÍPICA,411,412,164748005.86615902,400846.72960136016,332114.3060609835,217006.2239120323,487040.7968053656,3976.527686295637,4132.926240337897,2502.2966604227054,5238.446731565324,112.63313868613139,103.92,58.25,145.76999999999998,0.24330900243309003,32,1.348071372343217,1.2136521359085548,12,12,False
2023,CIDADE BAIXA,409,427,130787136.67509487,319772.9503058554,264006.8236618361,164470.89713063944,385313.6748556254,6351.972541245671,5652.579740683177,4679.196517760459,7277.593131376449,56.17975550122249,38.48,29.9,62.32,4.400977995110025,37,1.3415114143269482,0.963471982198346,12,12,False
2023,INDEPENDÊNCIA,393,434,160976165.83548224,409608.5644668759,362258.01969629637,68186.92114327432,583070.2520977037,6551.667456758581,5496.489435968299,4622.643738676042,8158.128718497455,70.57554707379136,44.36,14.0,87.1,9.16030534351145,24,1.2890317501967987,1.185866053245708,12,12,False
2023,JARDIM BOTÂNICO,383,442,150595184.86178082,393198.9160882006,303727.56856636336,80349.90285360228,582795.836147381,5656.907262077034,5342.902005239393,4218.609117357881,7052.460780159894,66.9654046997389,55.09,23.0,87.60499999999999,13.054830287206268,24,1.2562319601154552,1.109392291603979,12,12,False
2023,JARDIM LINDÓIA,378,466,142454974.42361462,376865.01170268416,272292.3040317657,56663.77571406256,606906.9979424574,5528.666076428402,5264.658426212656,4360.748100942259,6914.6822980368415,66.57780423280424,53.2,12.0,95.04,16.402116402116402,15,1.2398320650747836,1.0494256550848609,12,12,False
2023,TERESÓPOLIS,377,409,141928704.27181372,376468.7115963229,373980.9197128129,130498.9172927721,519685.95382077387,6990.33397025052,5229.997078412306,3817.405816792914,10434.856601929667,62.46387267904509,51.45,29.8,71.76,8.222811671087534,24,1.2365520860666492,1.0455487711709093,12,12,False
2023,BOM FIM,369,409,177155018.59520411,480094.9013420166,367313.8416164676,173228.65127359127,581528.5823254461,5909.401292969277,5424.649125952085,4392.975223646144,6949.752879643075,93.89027100271001,70.83,34.09,99.43,8.94308943089431,30,1.2103122540015745,1.3050511025891174,12,12,False
2023,HIGIENÓPOLIS,355,450,166610215.58208382,469324.5509354474,378225.75646767253,83686.04159057511,665546.662947975,5999.206553157865,5523.63616167801,4331.494141777917,7450.673710080476,78.12171830985915,64.17,21.16,103.845,19.154929577464788,18,1.1643925478876935,1.2273705101453747,12,12,False
2023,HUMAITÁ,349,425,77008888.50738278,220655.84099536613,217006.2239120323,131700.50067935552,295476.65828752203,3977.5508838186493,3709.853588801941,2931.5995224633252,4833.66643265177,56.411661891117475,55.61,42.28,69.83,20.34383954154728,21,1.1447126738388875,0.567302781782119,12,12,False
2023,CAVALHADA,345,376,107891002.74366504,312727.5441845363,202953.47523158067,137658.71526397657,367526.0640296819,4381.925554503581,4284.595517131384,3213.9298816723344,5233.271664884342,70.8686956521739,46.68,39.65,73.06,8.405797101449275,44,1.13159275780635,0.7948026152835014,12,12,False
2023,SÃO JOÃO,344,410,147099938.99855375,427616.10173998185,280528.7560666675,90157.16104067232,628599.9234359356,5201.877178585232,4711.039890274851,3618.885037316413,6257.549431113323,87.61808139534884,64.31,25.677500000000002,100.8175,15.69767441860465,24,1.1283127787982157,1.0836438002329984,12,12,False
2023,JARDIM ITU,341,401,144026299.37206757,422364.5142875882,332878.16896492377,57238.24690184999,585271.0731464379,4346.719662606307,4215.142323185833,3331.2358933864602,5272.275014102122,92.42272727272727,73.12,18.14,132.2,14.076246334310852,27,1.1184728417738126,1.06100116320631,12,12,False
2023,SANTO ANTÔNIO,328,395,93725640.30899546,285748.9033810837,266573.5518979022,96793.08476795093,405192.2532840898,4820.3718947249145,4608.503421149485,3967.6202565228846,5565.151918830186,59.641615853658536,57.72,32.9075,75.87,19.817073170731707,28,1.0758331146680662,0.6904503817959401,12,12,False
2023,JARDIM CARVALHO,326,417,104984050.93745464,322036.9660658118,342197.127473492,102515.51744626707,438714.8883045286,4915.267058828261,4940.697250082147,3397.924239485256,5850.561506162668,63.420030674846615,62.905,35.662499999999994,78.72,27.300613496932513,19,1.0692731566517975,0.7733879204588694,12,12,False
2023,JARDIM LEOPOLDINA,301,307,44923172.6695985,149246.4208292309,130899.95156124307,102507.67145205571,170467.30285818578,3146.2836270983667,2988.003049355986,2621.9881097099255,3558.358065786306,50.93524916943522,41.37,35.52,55.0,1.9933554817275747,33,0.9872736814484387,0.3309363544378186,12,12,False
2023,VILA NOVA,281,320,84660383.22170903,301282.50256835954,200495.00461178666,122470.35722530214,355302.98334841966,3622.6824281224294,3531.326487460597,2718.290057228188,4397.191548774639,86.52270462633453,59.86,43.17,115.5,12.811387900355871,37,0.9216741012857518,0.6236691872758474,12,12,False
2023,MORRO SANTANA,262,312,58437400.28241877,223043.5125283159,220318.21894993362,162396.26250321884,280967.35851742304,4067.7369129606627,4053.878446506793,3240.762622972688,4882.51239971732,58.50965648854962,49.02,41.495000000000005,58.714999999999996,19.083969465648856,26,0.8593545001311992,0.43049186117201427,12,12,False
2023,JARDIM DO SALSO,257,349,133756044.75340943,520451.5360054842,320662.08861060475,103069.95705340867,713963.5739971882,6699.9091498571615,6108.043540043389,4328.045942574115,9344.69426022439,68.72719844357977,53.22,22.63,114.49,26.459143968871597,13,0.8429546050905274,0.9853430914212999,12,12,False
2023,IPANEMA,256,302,149150048.211913,582617.3758277851,404754.3468212324,214437.6805707261,757130.6870640285,3975.686168779961,3831.486282278869,2680.511360934627,4710.967350888193,149.4819921875,137.0,56.474999999999994,194.60000000000002,13.28125,22,0.8396746260823931,1.098746377120397,12,12,False
2023,CAMAQUÃ,253,297,67394823.44125043,266382.7013488159,233454.75594193774,121002.52262995382,360628.6441626893,4206.485619254898,4199.482455117364,3475.2704123034623,4804.560751045551,69.8204347826087,56.27,35.14,78.12,17.391304347826086,24,0.8298346890579901,0.4964786735270271,12,12,False
2023,NONOAI,247,285,75828323.97013423,306997.2630369807,285534.5051474109,136878.8509893968,391292.06802333775,4165.469308121108,3791.57400365714,3240.865335608642,4957.304683785684,84.01473684210528,61.97,39.17,87.5,14.5748987854251,32,0.810154815009184,0.5586058955000865,12,12,False
2023,FLORESTA,237,252,68629511.26223068,289575.9968870493,240238.4674940173,167323.22001638278,332878.16896492377,6202.042227375317,4576.926413161973,3629.7722250097636,9010.084801066567,64.49793248945147,51.04,19.05,79.66,4.641350210970464,21,0.7773550249278405,0.5055742707892503,12,12,False
2023,RESTINGA,229,229,40689402.58189975,177682.9807069858,154271.8134789164,119220.46418123596,181831.78971539816,3143.865311559969,3081.9502634215464,2104.8225871801747,3860.5936554825853,69.17275109170305,47.78,40.99,54.7,0.0,27,0.7511151928627656,0.299747363209265,12,12,False
2023,SÃO GERALDO,208,234,86928623.31970954,417926.0736524497,248148.5098002827,139787.42744584417,510619.49663839454,4065.07624919235,3336.1583083465102,2557.0625525401715,5432.083065875682,119.85451923076923,74.04499999999999,41.989999999999995,103.15,12.5,21,0.6822356336919444,0.6403786729246641,12,12,False
2023,LOMBA DO PINHEIRO,204,214,79929321.22954805,391810.3981840591,194872.75891251917,120179.44851502098,457309.323729095,3876.6296708359955,3694.9341305365324,2493.364237192607,4609.485516623914,92.39887254901961,71.25,39.03,99.12,4.901960784313726,22,0.669115717659407,0.5888167867158878,12,12,False
2023,JARDIM EUROPA,196,244,194167269.8296477,990649.3358655494,154396.78417985747,74582.7212181517,1518907.66838155,9300.515735413548,7038.677980389115,5897.635318897608,12840.403090619282,77.18826530612243,24.095,11.52,120.215,14.285714285714285,6,0.6428758855943322,1.4303755636576714,12,12,False
2023,PRAIA DE BELAS,189,199,94537576.48099726,500198.8173597739,467064.0947190959,270471.483122017,600764.5988301525,9132.883120922199,11067.862557579181,5370.74048072419,12070.18315435572,55.296613756613745,46.54,37.05,58.03,5.291005291005291,7,0.6199160325373918,0.696431686784675,12,12,False
2023,SANTA TEREZA,173,205,83272973.15138069,481346.6656149173,279133.7195162141,170569.97576751295,662942.5838510084,4477.196156263301,4296.592384579352,2940.647157511445,5682.988951345655,109.7678612716763,83.39,42.6,128.78,14.450867052023122,30,0.5674363684072422,0.6134485282373218,12,12,False
2023,TRÊS FIGUEIRAS,172,220,190402897.650065,1106993.59098875,431771.05623837415,68350.56975401817,1191261.3028452126,8181.255705429893,6686.291551897578,4905.668782829141,10955.765170897519,103.22517441860465,49.425,12.622499999999999,122.04,14.534883720930234,8,0.5641563893991078,1.402644494549516,12,12,False
2023,BOM JESUS,163,207,55877197.64536197,342804.893529828,307849.5427585864,93704.86160437213,455608.0904636502,4418.054901288905,4397.191548774639,3430.909951423713,5246.806791214933,87.75319018404909,67.7,26.86,89.54,20.245398773006134,17,0.5346365783258987,0.4116315697682629,12,12,False
2023,MÁRIO QUINTANA,160,185,45047960.743458346,281549.75464661466,178660.78298270865,154370.53250464887,274344.1933088765,3303.797597877105,3556.8013858597674,2544.6973102761795,4154.463173651517,102.9155625,54.364999999999995,40.29,137.97,15.625,15,0.5247966413014957,0.3318556330146954,12,12,False
2023,MEDIANEIRA,150,173,51972259.30216746,346481.7286811164,273910.48100206594,152801.83526380468,462063.8183783249,4510.029400891888,3964.60239938689,3273.508005507915,5279.2131645187455,80.34393333333334,71.55000000000001,47.38,94.6575,12.666666666666668,17,0.4919968512201522,0.38286498934203683,12,12,False
2023,SANTA ROSA DE LIMA,146,148,27698664.551150583,189716.88048733276,156876.5078333189,114487.91397872183,182726.4632617372,3039.726253364357,2679.6634576930055,2149.1153462987763,4468.472708712172,83.43006849315069,41.19,40.26,52.9025,0.684931506849315,24,0.4788769351876148,0.20404825671534071,12,12,False
2023,PARQUE SANTA FÉ,140,144,38905548.445041664,277896.77460744046,237171.14707744913,172062.45761967686,331496.24417638703,4027.9610751501527,3805.4992081542237,2746.0092547287363,5431.825551726464,93.0115,44.32,39.05,114.3025,2.857142857142857,12,0.4591970611388087,0.2866062124441022,12,12,False
2023,SANTA CECÍLIA,139,154,59843818.397056,430531.0676047194,357712.1876743577,146373.61048061828,508929.83854100213,4828.925212412205,4512.019316893646,3782.4981847154513,5506.213960589803,92.60884892086332,76.5,37.105000000000004,102.22999999999999,10.071942446043165,11,0.4559170821306744,0.4408525471168058,12,12,False
2023,CHÁCARA DAS PEDRAS,137,185,96972355.86242439,707827.4150541927,507951.3064975879,81414.00152556245,1039371.9076415477,5292.345620460211,4980.390425773237,4431.30782139857,6239.471097877178,135.38197080291968,96.12,21.16,190.16,22.62773722627737,10,0.44935712411440565,0.7143680204064353,12,12,False
2023,RUBEM BERTA,133,138,22018329.97786923,165551.3532170619,143152.71812973428,113917.61625669696,170467.30285818578,2982.3183873365633,2684.314044482106,2310.932015738354,3565.951162402077,63.99120300751881,53.97,39.52,58.52,3.007518796992481,27,0.4362372080818683,0.16220283253983503,12,12,False
2023,VILA JARDIM,124,158,63672046.664670356,513484.24729572865,296348.5894588956,58641.34224169798,603077.2649523644,5108.917708606817,4430.994786401969,3547.067320770964,6294.253259883063,110.96282258064515,65.975,12.0,136.7,15.32258064516129,21,0.40671739700865917,0.46905402603188406,12,12,False
2023,JARDIM SABARÁ,112,139,42657339.577805474,380869.10337326315,299481.8036158793,186645.773872573,533037.6186533184,4311.781698500247,4159.570356484721,3279.530326733139,5550.068373004026,100.04142857142857,82.7,49.43,122.13,19.642857142857142,19,0.367357648911047,0.31424460052547737,12,12,False
2023,GLÓRIA,101,120,34853830.50604553,345087.43075292604,314935.9798854154,159899.3228825501,482668.7233301202,4693.26665987521,4397.191548774639,3659.7602381744637,5813.890389023958,81.95485148514852,60.37,42.76,93.0,17.82178217821782,14,0.33127787982156914,0.25675834809570736,12,12,False
2023,VILA SÃO JOSÉ,76,90,25013493.93671776,329124.9202199705,230946.31571897437,171107.35303088135,337902.6495652599,3764.3805611824446,3847.083800501996,2856.097315129744,4365.135059660699,110.57644736842104,61.79,42.7675,99.9425,18.421052631578945,18,0.24927840461821044,0.18426736143620284,12,12,False
2023,ABERTA DOS MORROS,75,75,32936617.407234523,439154.898763127,355302.98334841966,261006.40587243595,492713.4484471,3916.451662281048,3637.086353380397,2644.871914519702,5005.006264838144,132.18533333333332,102.11,82.02,132.815,0.0,9,0.2459984256100761,0.242634779436223,12,12,False
2023,JARDIM SÃO PEDRO,75,89,37425380.31560908,499005.07087478775,342112.990284708,75267.56642134438,774305.7618817103,3761.9174320552856,4116.087304526215,2634.27083953323,4911.965537058354,295.2944,79.28,21.805,171.46499999999997,10.666666666666668,7,0.2459984256100761,0.2757022309218674,12,12,False
2023,SANTA MARIA GORETTI,72,85,26617598.088856675,369688.8623452316,369752.22777281376,188044.80507132036,520934.0379021137,4700.834517099304,4090.8813114720106,3541.7464912347814,5736.085218769351,101.11569444444444,73.03,39.38,124.9725,18.055555555555554,8,0.23615848858567307,0.19608434471456052,12,12,False
2023,CAMPO NOVO,68,68,14175390.472621368,208461.62459737307,149641.4659749528,125173.5219106231,170203.1017646622,3396.3480300190095,3479.7116633712385,2684.362221203193,4052.2129584204886,72.87749999999998,39.03,38.24,39.39,0.0,8,0.22303857255313567,0.10442610721741417,12,12,False
2023,GUARUJÁ,64,64,28421980.33178985,444093.4426842164,425232.0895417095,294614.5505494847,576405.3515902365,3632.8242550108616,3307.3824243684116,2509.051339004087,4118.275666950389,154.43296875000001,139.51,91.11,169.105,0.0,9,0.20991865652059827,0.2093767202526923,12,12,False
2023,VILA JOÃO PESSOA,64,71,17862807.56615006,279106.3682210947,219296.1535475941,130618.31209069987,401826.1645268975,3483.2659947391435,3513.900583735129,2213.6749086695195,4284.988930896217,110.36937499999999,63.004999999999995,32.14,165.5675,10.9375,12,0.20991865652059827,0.13159026989130104,12,12,False
2023,NAVEGANTES,62,65,62426193.657925405,1006874.0912568613,308042.0496645662,206746.0973926169,695951.9822358184,3221.455940404005,2935.74185331329,2328.3574311318725,3850.384349622524,288.46032258064525,106.805,71.0125,264.25,4.838709677419355,14,0.20335869850432958,0.4598761779923001,12,12,False
2023,PASSO DAS PEDRAS,59,63,18885134.95002443,320087.0330512615,259201.83799193293,189396.19958349108,319369.90732615336,3720.507791002147,4271.387702774112,2291.673910440925,4936.448635078335,104.94067796610172,62.85,48.41,164.0,6.779661016949152,8,0.19351876147992653,0.13912146765308103,12,12,False
2023,ESPÍRITO SANTO,52,59,22792709.0773381,438321.32841034804,419698.1644819953,226777.20744707243,602026.8407213568,3305.6953622481833,3174.6848943832265,2423.5635455052707,3765.58270904064,143.75865384615383,141.815,75.85,174.8375,13.461538461538462,10,0.1705589084229861,0.16790746515819188,12,12,False
2023,FARRAPOS,50,54,9797719.385827929,195954.3877165586,172574.72483399394,139078.6041555269,276224.9512823277,3420.208001981327,3125.407955061417,2374.8263064013295,4120.602807856547,69.08,47.83,35.54,74.0875,6.0,10,0.1639989504067174,0.07217703787749008,12,12,False
2023,FARROUPILHA,50,57,29912994.483536143,598259.8896707229,433457.0994448132,335214.0765588891,647280.7190698332,6386.731476005461,5431.651635747174,4103.00663469633,9147.995784043376,108.77359999999999,78.56,54.055,119.06,12.0,2,0.1639989504067174,0.22036060136507954,12,12,False
2023,JARDIM ISABEL,48,51,34263068.877056256,713813.934938672,707602.0759220036,372545.1038967694,1008048.0583690912,4269.463328443589,4174.317594052356,3376.023468850541,5040.3558953049205,191.46875,204.26,94.1275,265.2575,4.166666666666666,4,0.1574389923904487,0.25240637364195817,12,12,False
2023,VILA  ASSUNÇÃO,48,56,69492800.07882923,1447766.6683089423,1097683.636858618,867303.7836888591,1593019.4272136758,4985.4531988641165,4418.859462703159,3618.576539301035,5768.246204686384,292.5097916666667,268.125,191.3725,347.43,10.416666666666668,7,0.1574389923904487,0.5119338762403899,12,12,False
2023,COSTA E SILVA,35,40,8532214.338983195,243777.552542377,158040.60081522661,57294.450754056335,182715.28804831754,2920.2596416404954,2864.0506915574347,2414.042215792013,3323.4386947634525,84.17514285714284,48.03,31.82,65.08,14.285714285714285,7,0.11479926528470218,0.0628544187961161,12,12,False
2023,JARDIM FLORESTA,29,33,9773046.197981736,337001.5930338529,349358.99903260526,205051.70926205453,445674.20103690465,3915.0084970563416,4132.28071818526,3827.340473763091,4578.14009609384,110.01448275862069,76.93,50.03,136.0,13.793103448275861,4,0.09511939123589609,0.07199527745513006,12,12,False
2023,SÉTIMO CÉU,19,27,19683737.307577793,1035986.1740830417,865787.6392486328,641097.9141223007,1020766.7646772806,4659.572731945677,4256.914342959131,3731.8730225396516,5290.613729146931,207.73789473684212,187.19,159.305,245.43,15.789473684210526,2,0.06231960115455261,0.14500454618802636,12,12,False
2023,CEL. APARICIO BORGES,18,19,5828737.642056389,323818.7578920216,306248.2488732185,162347.44426932523,478048.53665816213,4175.458661901029,3920.141932605273,3701.50552736387,4121.757124131022,79.59055555555555,64.0,45.5,98.755,5.555555555555555,4,0.059039622146418266,0.042938667765601256,12,12,False
2023,PONTA GROSSA,14,14,6216464.141511757,444033.1529651255,240269.0510379902,213770.5725130542,275882.6805498754,3504.338930499371,4262.350313503646,1599.669310115239,4479.9262838840295,138.43,101.53999999999999,55.68,191.975,0.0,7,0.045919706113880875,0.045794939632070104,12,12,False
2023,ANCHIETA,12,12,23915801.755742084,1992983.4796451738,1633213.4940732892,559729.6850548267,2217341.52714065,2400.7229927762733,2735.8141334973807,1396.1147623060729,3141.7597964718047,988.1766666666666,489.78,352.5,808.2775,0.0,2,0.039359748097612175,0.1761809724507511,12,12,False
2023,SERRARIA,12,12,5263969.46137163,438664.1217809692,446706.4024383103,319423.1127235091,535169.060040374,2843.9569978697286,2880.3722224148696,2584.627319398161,3322.801743412837,168.41416666666666,161.26999999999998,97.7325,217.245,0.0,2,0.039359748097612175,0.03877817972098062,12,12,False
2023,BELÉM NOVO,11,11,3812001.962127858,346545.6329207143,332878.16896492377,198432.67038296987,380875.71058470453,3009.0213760309202,3078.670467689144,1447.9509663698916,4550.713643734451,145.5127272727273,173.93,78.0,207.19,0.0,7,0.036079769089477826,0.028081944294868072,12,12,False
2023,PEDRA REDONDA,9,9,27743998.926553626,3082666.5473948475,2932067.112084899,2540686.8853460057,4134539.63453451,8456.04674965703,9578.70304179839,6442.309825230141,9609.999585240179,363.96222222222224,421.35,295.78,430.57,0.0,1,0.029519811073209133,0.20438222228444558,12,12,False
2023,VILA CONCEIÇÃO,9,9,20988950.493679427,2332105.6104088253,1384862.678451689,1363738.4228654862,2512703.645297216,6580.8637191972875,3868.6556930795564,3505.754300425415,8962.03355474217,440.54999999999995,389.0,353.0,458.43,0.0,2,0.029519811073209133,0.15461968394219835,12,12,False
2023,BELÉM VELHO,5,5,1568351.385258983,313670.27705179655,246293.63741513152,239226.9941390636,447643.8281410942,3145.2464848776276,2743.4453852738557,2194.7430654959967,4827.38949790892,113.45599999999999,109.0,92.73,113.0,0.0,4,0.01639989504067174,0.0115536027193012,12,12,False
2023,AGRONOMIA,3,3,5424451.297646519,1808150.4325488396,1531580.5027465299,1336859.2616680868,2141156.638528438,4108.422706619308,2997.2221188777494,2179.8744179772843,5481.370701390552,564.86,511.0,428.16499999999996,674.625,0.0,1,0.009839937024403044,0.03996040418764746,12,12,False
2023,CHAPÉU DO SOL,2,2,388102.3238385739,194051.16191928694,194051.16191928694,177159.12662223345,210943.19721634043,3094.3205672978283,3094.3205672978283,1970.3626621937428,4218.278472401914,149.59,149.59,89.795,209.385,0.0,2,0.006559958016268696,0.0028590404587987275,12,12,False
2023,BOA VISTA DO SUL,1,1,113917.61625669696,113917.61625669696,113917.61625669696,113917.61625669696,113917.61625669696,1174.4084150174945,1174.4084150174945,1174.4084150174945,1174.4084150174945,97.0,97.0,97.0,97.0,0.0,1,0.003279979008134348,0.0008391989788323785,12,12,False
2023,CASCATA,1,1,258267.54488657878,258267.54488657878,258267.54488657878,258267.54488657878,258267.54488657878,4035.4303888527934,4035.4303888527934,4035.4303888527934,4035.4303888527934,64.0,64.0,64.0,64.0,0.0,1,0.003279979008134348,0.0019025842275875472,12,12,False
2024,PETRÓPOLIS,1661,2050,913710550.3395882,550096.6588438218,355595.22372057673,75938.1934019545,749956.2303542364,6555.836495196046,5277.476788471793,4166.197933117228,8289.899059719717,75.84360626128839,60.42,20.7,103.5,16.435881998795907,74,5.620220613114976,7.022407457283114,12,12,False
2024,CENTRO HISTÓRICO,1381,1461,379543355.7870508,274832.26342291874,208933.5167436446,99547.48066052409,311757.7688072569,4885.866346841343,4670.693162854015,3471.1914578683686,5934.981559705221,61.126669080376544,40.0,24.9,67.85,4.779145546705286,94,4.6728023279420725,2.917015778192185,12,12,False
2024,MENINO DEUS,1123,1257,443930149.8083533,395307.34622293257,273871.8091563173,60908.63746293457,525833.8735801292,5785.329878333487,5178.196492915168,4194.615364640233,6722.6716671232625,63.03291184327693,49.8,21.16,86.53999999999999,9.617097061442564,65,3.7998240508898964,3.4118664749666734,12,12,False
2024,PARTENON,858,957,231371071.73304802,269663.25376812124,248856.55854843077,76687.9415360915,379061.07240472664,4917.425826567236,4168.056506698853,3571.568992046501,5929.87613726628,62.19722610722611,47.480000000000004,22.1725,74.36749999999999,10.722610722610723,67,2.9031603167083984,1.7782239013590013,12,12,False
2024,SARANDI,730,833,209142432.9836604,286496.4835392608,212940.42107954848,38507.95915472487,346353.1371735673,3737.7643147478193,3626.399732350351,2588.5804268082925,4597.983968545772,80.36997260273972,52.15,10.58,81.79249999999999,13.835616438356164,69,2.4700548149150707,1.6073836298299742,12,12,False
2024,RIO BRANCO,699,820,381646003.0622528,545988.5594595892,383420.53281884425,77095.71604824529,737225.4331883253,6327.238907407843,5435.623693178817,4392.6254275253705,7607.572538590274,77.89329041487841,65.69,17.674999999999997,110.22,11.587982832618025,40,2.3651620761994994,2.933175869481409,12,12,False
2024,PASSO DA AREIA,682,833,268082033.4718842,393082.1605159592,262916.9367900646,87643.36175553314,605060.9970002938,5584.616711985944,5106.885294391738,4005.4428054138143,7119.58870297461,66.14282991202347,60.42,23.0475,83.73249999999999,17.44868035190616,44,2.3076402517425727,2.060369413833411,12,12,False
2024,MOINHOS DE VENTO,618,683,430004592.1637661,695800.3109446053,263695.44221612177,64501.607339432456,684679.5228907933,6887.335011951006,5270.3255865797455,4171.459452537465,8980.667581000844,82.00357605177994,41.105000000000004,12.7875,94.6225,8.25242718446602,25,2.091087500845909,3.3048403058873843,12,12,False
2024,TRISTEZA,602,712,279181402.2430185,463756.48213126,313387.4885355566,66421.70198008382,687687.4173705925,5256.859916944261,5028.339275728302,3645.6012226661405,6561.2062434801255,83.51689368770764,64.75,21.16,110.75,13.953488372093023,28,2.036949313121743,2.1456746453430835,12,12,False
2024,SANTANA,594,659,208580664.42617399,351145.8997073636,325449.40029409074,77015.91830944974,465466.9617690889,5414.945756199906,4798.899009267665,3948.4208326333837,6181.770509622631,66.0102861952862,61.655,26.7425,81.58,10.1010101010101,46,2.00988021925966,1.6030661053076913,12,12,False
2024,MONTSERRAT,591,717,359643366.21120685,608533.61457057,394454.29604430584,65454.38338714752,773780.7652652359,7972.816940666108,6234.480208436492,4545.443290774134,10570.272603403497,72.02888324873096,33.15,14.565000000000001,99.405,14.551607445008461,20,1.9997293090613792,2.7640725565720285,12,12,False
2024,BOA VISTA,544,664,296784532.04188246,545559.8015475781,368892.51067152625,65729.23419751615,735770.6248738188,7607.920834873429,6212.593024339901,4853.983113345045,9404.59682147345,66.62569852941176,41.959999999999994,12.0,95.33500000000001,16.727941176470587,17,1.8406983826216416,2.2809651374197286,12,12,False
2024,CRISTO REDENTOR,521,620,171570349.73220745,329309.6923842753,325452.80698310817,87972.00704995563,473842.5219230879,5278.251268271564,4488.750501400881,3693.491896982223,6148.070544858626,66.6724568138196,58.74,27.34,80.92,17.08253358925144,32,1.7628747377681533,1.318619887841218,12,12,False
2024,VILA IPIRANGA,518,607,155192872.3587181,299600.13968864497,223416.97066622868,75551.27019007172,458496.0102535537,4964.824331392902,4547.552816553862,3793.8505873933677,5872.209014610818,61.69158301158301,46.5,21.16,73.00750000000001,16.216216216216218,39,1.752723827569872,1.1927492615292719,12,12,False
2024,AUXILIADORA,516,622,308235146.1337505,597354.9343677335,413685.7722073527,76975.50616871117,802500.927002132,6956.265166016419,5788.06594608325,4569.128246362383,8055.603022841675,78.55544573643411,55.355000000000004,14.0,108.64750000000001,14.534883720930234,22,1.7459565541043514,2.3689698975260005,12,12,False
2024,BELA VISTA,500,631,428194836.0268752,856389.6720537504,245650.66786420433,64501.607339432456,1186999.3106803794,7078.109918272867,6128.262353270085,4565.44324125354,8962.878067778212,92.19916,36.114999999999995,12.0,137.8825,14.799999999999999,22,1.6918183663801853,3.2909312566957745,12,12,False
2024,JARDIM DO SALSO,444,486,165934865.6663605,373727.1749242354,224560.0862029226,54030.84641466459,471395.1776906483,7232.920330312815,5291.309011307618,4773.405953732649,11123.046997868416,49.53626126126126,36.9,10.58,50.4225,7.207207207207207,13,1.5023347093456048,1.2753078506597546,12,12,False
2024,CRISTAL,411,461,176295615.9131054,428943.10441144864,317132.9027522096,169162.08928486245,516244.4501452912,5778.496499836648,4423.778959036356,3524.171579799305,7248.025195063218,83.57304136253042,54.78,38.5,81.055,9.975669099756692,39,1.3906746971645123,1.3549363607702576,12,12,False
2024,TERESÓPOLIS,396,474,172040772.3263387,434446.39476348157,413110.05410079175,216695.05902914875,565439.5490030106,5343.557366111526,5045.412614888762,3891.785045429487,5682.015440034498,95.23611111111111,69.49,46.019999999999996,107.9925,18.434343434343432,24,1.339920146173107,1.322235364462205,12,12,False
2024,SÃO SEBASTIÃO,394,475,136582476.37191486,346656.03140079917,297339.6063995999,77104.62603739116,545106.7244674399,5975.87151372667,5177.160853616585,4063.5777219482643,7850.507643159236,58.66571065989848,60.135000000000005,21.16,76.845,19.796954314720814,16,1.333152872707586,1.0497173314370267,12,12,False
2024,HÍPICA,384,385,166206866.2507967,432830.38086144975,314230.29639748373,204255.0899082028,527307.4673511647,3905.2161082401185,3940.580006427405,2173.748457895695,5463.548577711841,127.57552083333333,117.38499999999999,58.25,150.58749999999998,0.26041666666666663,32,1.2993165053799824,1.2773983364616535,12,12,False
2024,SANTO ANTÔNIO,374,459,99614278.5814177,266348.3384529885,254616.52425698796,139435.30656458088,379945.3734324597,4480.188974206104,4372.437106418878,3844.6221239897773,5398.38733878772,61.4985294117647,60.04,37.27,75.87,20.588235294117645,27,1.2654801380523788,0.765594807351232,12,12,False
2024,AZENHA,361,421,111449940.98237368,308725.5982891238,269215.0570502387,119999.70287643712,442811.3465338921,5378.722318848106,5080.466866684977,4132.104523136082,6565.512283822004,57.3480055401662,56.21,25.26,69.03,16.06648199445983,28,1.2214928605264939,0.8565588920665375,12,12,False
2024,BOM FIM,350,384,158296029.34239006,452274.3695496859,387234.78612687514,150630.49937764063,583960.480901342,6178.001967044199,5676.127918604235,4691.359670805188,7358.264002392265,74.45368571428571,64.05,28.892500000000002,95.025,8.571428571428571,29,1.1842728564661298,1.21659886328243,12,12,False
2024,CIDADE BAIXA,343,361,98178861.45365992,286235.7476783088,231411.4641949964,154779.9250058282,358898.70831932954,5676.250787391353,5178.196492915168,4161.667697567886,6612.4860387997705,55.81081632653061,42.4,30.13,61.685,4.373177842565598,38,1.1605873993368072,0.7545627754473301,12,12,False
2024,HIGIENÓPOLIS,342,422,155912934.52542073,455885.7734661425,333339.543315543,87638.97893002153,643295.599023191,5792.904818885563,5254.028130650193,4380.503242894917,7176.849076281961,73.46508771929825,63.165,21.16,106.53,18.421052631578945,19,1.1572037626040468,1.1982833663147323,12,12,False
2024,JARDIM LINDÓIA,337,444,129431509.44378892,384069.76096079795,367061.6365967846,55561.75370634011,582044.7916442689,5248.482525105565,5080.466866684977,4207.988847808714,6465.659068869941,78.07795252225519,63.78,13.2,98.15,27.596439169139465,15,1.140285578940245,0.9947579096987169,12,12,False
2024,CAVALHADA,332,369,100910864.7511449,303948.3878046533,203385.53443120804,98412.73906397977,379690.96700977255,4173.873887049621,4009.6423994020456,3070.4823684674693,5119.438813488079,72.43009036144578,54.73,36.42,66.685,9.036144578313253,41,1.1233673952764431,0.7755598410086835,12,12,False
2024,JARDIM BOTÂNICO,332,409,124176330.03932068,374025.09047988156,315052.08567817626,85984.26365226021,556506.5251227025,5244.35782920246,4947.124690311388,3765.6669202994444,6383.676566659052,72.98051204819276,62.120000000000005,22.66,90.8875,18.373493975903614,24,1.1233673952764431,0.9543687393804113,12,12,False
2024,INDEPENDÊNCIA,321,355,129365167.60340062,403006.7526585689,373930.60244366893,88156.74826476054,586202.9121769546,6409.81961198902,5449.099257417989,4462.06347365412,7799.969273431996,67.82732087227414,49.17,22.26,94.0,9.657320872274143,25,1.086147391216079,0.9942480333111678,12,12,False
2024,JARDIM ITU,316,394,124176767.81799257,392964.4551202296,349938.51535959984,78364.79437174724,540512.690484204,4150.74371123084,4166.197933117228,3207.1182923560514,4989.219813802216,97.30272151898734,75.16499999999999,24.447499999999998,128.9625,20.569620253164558,26,1.0692292075522771,0.9543721039691304,12,12,False
2024,SÃO JOÃO,307,367,125946457.83760379,410249.04833095695,272315.46592990955,102425.35184018032,530606.7064802379,4844.887837529651,4591.497305456278,3558.2710505609507,5754.59722443554,93.86345276872964,64.31,30.98,96.625,15.309446254071663,26,1.038776476957434,0.9679732212881529,12,12,False
2024,HUMAITÁ,295,343,64222359.7304022,217702.91434034644,238662.89354899985,128499.85772854324,285220.0000184652,4200.147065441079,3838.0856029221345,2838.6025914323022,5721.4787879231835,58.64267796610171,44.11,43.099999999999994,67.3,15.254237288135593,20,0.9981728361643094,0.4935869217308248,12,12,False
2024,JARDIM CARVALHO,295,400,99147376.43125597,336092.80146188464,345147.5090387676,86397.8959622126,436816.68765188847,4839.1273958474985,4881.365091469449,3683.703007076038,5627.299198577761,66.50715254237288,67.99,38.584999999999994,82.49,35.59322033898305,21,0.9981728361643094,0.7620063874299575,12,12,False
2024,VILA NOVA,267,297,75157081.43913661,281487.19640126074,212726.74600822944,120217.25745930115,330631.99161038094,3390.2305356379156,3451.129908360434,2355.7782897928832,4489.4857535568,96.66146067415731,69.34,46.25,120.225,10.486891385767791,38,0.903431007647019,0.5776267429216747,12,12,False
2024,MORRO SANTANA,264,310,67387377.2781755,255255.21696278598,222387.1662846125,171910.9440662583,295796.34592492436,4018.2828587999516,4139.106843618274,3197.3571991768613,4705.686973951987,85.07871212121212,51.56,41.66,67.6175,17.424242424242426,29,0.8932800974487379,0.5179119586056367,12,12,False
2024,JARDIM LEOPOLDINA,260,269,37669315.67258257,144881.9833560868,123537.84858789042,91650.49563425903,164503.7741598143,3019.8415393541277,2913.7070747421158,2332.219657382315,3460.71095534433,52.35365384615385,41.41,31.0075,58.5375,3.4615384615384617,35,0.8797455505176964,0.2895110308090248,12,12,False
2024,TRÊS FIGUEIRAS,254,292,328808199.8474248,1294520.4718402552,513377.0967292679,65742.38267405097,774350.3880058322,10070.90843160615,6225.0183346652975,4382.825511603398,12161.78964898763,99.74803149606299,25.65,15.0,100.2175,8.661417322834646,8,0.8594437301211342,2.5270860162074564,12,12,False
2024,JARDIM EUROPA,245,280,326766511.23652387,1333740.8621898934,553221.0544957609,131484.76534810194,1187409.4024538235,9192.888550260925,8373.91363842161,6801.213970865545,10703.605322479592,135.39159183673468,55.28,21.16,120.99,8.16326530612245,6,0.8289909995262909,2.5113944284050476,12,12,False
2024,IPANEMA,232,260,119224446.89835662,513898.4780101578,388142.551381076,187930.53857066255,761507.6860261784,4019.8205620719236,3789.4658149111033,3118.2220372556176,4615.075353438341,135.84064655172415,131.54000000000002,46.64,190.825,9.482758620689655,22,0.785003722000406,0.9163105807176088,12,12,False
2024,NONOAI,217,245,70047041.10483769,322797.4244462566,276757.0915836826,131484.76534810194,388932.2759443808,3902.105436895304,3676.108468283372,3043.1235966677864,4684.972173139501,94.2073732718894,62.13,42.34,97.2,12.442396313364055,33,0.7342491710090004,0.5383530524326446,12,12,False
2024,CAMAQUÃ,210,251,55698011.65987608,265228.6269517908,240529.05426489457,138996.24348134917,375182.273031347,3979.6040064631084,4023.009603858141,3247.25556572868,4810.457365258637,75.16785714285714,61.14,43.1575,82.345,19.523809523809526,26,0.7105637138796779,0.4280722514266551,12,12,False
2024,LOMBA DO PINHEIRO,207,219,89344950.97014895,431618.1206287389,404010.3810824791,166710.14589366643,448900.42342497676,4442.201831155317,4457.356999552942,3048.2801200109857,5171.0019337319745,96.04318840579708,90.0,49.085,100.71,5.797101449275362,22,0.7004128036813968,0.6866689344127453,12,12,False
2024,FLORESTA,204,226,67483136.83570167,330799.69037108665,268756.6972476352,142999.05215464198,451341.67308885965,4221.467483263539,4145.137795891979,3113.2788865889215,5182.47109859756,93.63696078431374,66.88499999999999,38.6425,99.9225,9.313725490196079,21,0.6902618934831156,0.518647927595628,12,12,False
2024,RESTINGA,184,188,25831361.045865994,140387.83177101082,109715.1089255049,87652.12740655636,154161.65269023846,2666.488451116639,2270.3158380272275,1818.1553244033141,3408.6775463674735,62.89125,46.71,40.99,54.66,2.1739130434782608,27,0.6225891588279082,0.19852932897933998,12,12,False
2024,SÃO GERALDO,183,195,38272171.23290858,209137.54772081188,129003.21467886491,27238.432953666037,288428.61811477,3301.412786926901,2673.8610453733145,2269.869412805503,3752.9197518982883,68.07224043715846,41.84,12.0,75.42,6.557377049180328,20,0.6192055220951479,0.2941443333148616,12,12,False
2024,MEDIANEIRA,167,189,53073060.47687383,317802.7573465499,261817.5335485901,76699.44645305947,448578.07353382616,4392.264291021151,4180.765309844776,3095.42512683137,5280.003678681292,80.24125748502995,59.09,29.34,91.61500000000001,11.377245508982035,15,0.5650673343709819,0.40789794485257846,12,12,False
2024,CHÁCARA DAS PEDRAS,159,186,95388396.1049569,599927.0195280308,448900.42342497676,55351.41831673651,825603.4901565183,5269.8091940191225,4825.697027484213,3924.3443352054132,6756.024820936895,104.52553459119498,85.56,12.5,159.69,13.836477987421384,10,0.537998240508899,0.7331163943513261,12,12,False
2024,JARDIM SABARÁ,141,177,54525953.03552683,386708.886776786,350626.0409282719,166054.25495020952,537513.3944952704,4639.472022980308,4201.266820895283,3608.8585673443026,5669.417509530963,90.34950354609929,73.22,43.05,111.42,17.73049645390071,18,0.4770927793192123,0.4190642858067505,12,12,False
2024,BOM JESUS,140,177,41203352.702868186,294309.6621633442,280851.1508064744,76699.44645305947,433932.5337254543,4387.049021359282,4053.374887581815,3231.939754188118,5236.139634232011,81.66935714285714,68.425,23.6525,89.54,20.0,16,0.4737091425864519,0.3166722012547078,12,12,False
2024,MÁRIO QUINTANA,137,156,33902291.0908315,247461.97876519346,174985.8338614667,99327.02678999637,383497.2322652973,3106.151037263264,3170.839381425376,2325.5791896065557,3817.4122264114812,83.90839416058395,48.77,40.29,122.5,12.408759124087592,21,0.4635582323881708,0.2605592128565826,12,12,False
2024,SANTA TEREZA,125,155,56284264.34819924,450274.11478559393,298897.6589103772,141817.83067215295,666741.0444760814,4032.451401996827,3564.3255537211908,2772.6931117610825,4748.111010876011,126.7768,86.29,43.12,135.0,19.2,29,0.42295459159504634,0.43257795101478264,12,12,False
2024,PRAIA DE BELAS,118,120,45234724.65747255,383345.12421586906,256354.82984565047,135158.38398966327,450973.7379815319,6743.042698029467,4929.325788929683,3596.6467310790385,11038.876093949624,104.9221186440678,45.22,30.8525,56.7625,1.694915254237288,7,0.39926913446572376,0.3476556855392814,12,12,False
2024,RUBEM BERTA,118,120,20100686.223326657,170344.79850276827,144460.55963648428,109763.22440554464,188882.18172470323,2717.5845675207056,2537.287962808961,2048.3469317500726,3095.9013290859225,74.4479661016949,53.724999999999994,39.6,69.7425,1.694915254237288,24,0.39926913446572376,0.15448569437962115,12,12,False
2024,VILA JARDIM,115,148,63976164.32012841,556314.4723489427,295840.72203322937,98894.95790446602,732365.2908084735,5089.251044243151,4687.340529089707,3201.743231200976,6234.411606704273,110.88165217391304,69.34,22.759999999999998,144.115,20.0,21,0.38911822426744264,0.4916947639961757,12,12,False
2024,GLÓRIA,113,137,36875955.854298934,326335.89251591975,263916.02114986687,141028.07346077266,464951.9138605867,4280.492936567767,4126.926202055423,3305.821227258874,5298.885777882703,91.86469026548673,60.37,42.82,91.0,18.58407079646018,17,0.3823509508019219,0.28341359010184114,12,12,False
2024,SANTA CECÍLIA,112,131,63442934.56549352,566454.7729061921,326360.65861491417,170347.58771194718,442811.3465338921,4716.8827158094955,4424.5713203049,3545.5803356646566,5490.244532100706,111.27267857142859,75.58500000000001,46.7125,100.32,16.071428571428573,11,0.3789673140691615,0.48759657709880255,12,12,False
2024,PARQUE SANTA FÉ,109,110,32271662.184770368,296070.29527312267,242406.22864948746,199022.20177611028,374666.18012523226,3741.3436165316443,3758.368706927762,2607.7984467445845,4691.732480980432,102.62633027522932,47.75,44.31,118.07,0.9174311926605505,12,0.36881640387088044,0.2480268626656723,12,12,False
2024,SANTA ROSA DE LIMA,106,110,17520103.4033679,165283.99437139527,123544.44857723995,103531.67289548964,175672.4161351725,2624.760571500693,2501.1111070335724,1963.6448396439152,3068.664892628911,78.06160377358489,45.24,40.26,52.55,1.8867924528301887,25,0.3586654936725993,0.1346523849882828,12,12,False
2024,VILA  ASSUNÇÃO,78,80,67690715.34038067,867829.6838510343,773882.2733853854,286232.5117980188,1269257.301743438,4430.297158584375,4142.458988448166,3172.786685784088,5342.1103143212995,219.0033333333333,196.815,81.94,286.9125,2.564102564102564,7,0.2639236651553089,0.5202432915089458,12,12,False
2024,ABERTA DOS MORROS,69,69,30311606.32286523,439298.64236036566,384487.3356478736,269980.04156082915,470068.36380758195,3306.4318487454657,3251.4629781307854,2460.0630362994007,4340.473312624884,154.31420289855072,110.0,85.2,178.04,0.0,9,0.23347093456046558,0.2329626709517663,12,12,False
2024,VILA SÃO JOSÉ,69,80,13956632.810088295,202270.04072591732,208933.5167436446,121501.1094431272,252012.46691719542,4091.2652407166383,4032.1994706751266,3199.594437115538,4277.1890583962495,62.233623188405794,50.98,30.24,62.26,15.942028985507244,15,0.23347093456046558,0.10726500015535588,12,12,False
2024,VILA JOÃO PESSOA,67,71,18719480.61563516,279395.2330691815,241055.4031381869,72113.06040860042,352999.7768603198,3679.0431449764665,3207.936313884307,2702.305214744068,4374.658575306277,90.41268656716417,60.08,23.310000000000002,93.91,5.970149253731343,12,0.22670366109494486,0.1438703101576822,12,12,False
2024,FARROUPILHA,65,72,27030754.78115609,415857.7658639398,416285.1499176023,227774.99832907502,571818.0458247116,5972.067059526472,5239.001617981724,3766.899468647632,8746.233286409679,78.68846153846154,62.39,42.37,96.64,7.6923076923076925,2,0.2199363876294241,0.20774738113796884,12,12,False
2024,JARDIM SÃO PEDRO,64,79,19779910.669442266,309061.1042100354,275650.06321734784,130832.93379642788,418099.26724299847,3880.7905134526354,3982.044908657207,3309.9758796051397,4507.135236439809,97.636875,70.985,32.29,109.6625,23.4375,6,0.21655275089666373,0.15202034401141684,12,12,False
2024,PASSO DAS PEDRAS,63,64,15141019.85926976,240333.64855983746,233359.36556662846,159044.96086971607,300513.52356625936,3583.8736431067414,4132.049892180978,2250.76765391191,4846.160397597287,91.5061904761905,62.85,48.41,94.745,1.5873015873015872,8,0.21316911416390336,0.11636771703149382,12,12,False
2024,GUARUJÁ,57,57,24148725.928759117,423661.85839928273,426455.4022537279,286509.4318604717,552236.0144620282,3472.011295137252,3567.8720652398583,2713.3423945524255,4161.282101354941,140.53771929824563,125.33,92.14,172.79,0.0,9,0.19286729376734113,0.1855972802141526,12,12,False
2024,ESPÍRITO SANTO,52,59,23883688.973572716,459301.71103024454,419998.96006752993,257680.0758638485,630519.1816556583,2933.9861550111377,3166.5682410528034,2412.8664510704334,3424.4671938096944,166.9569230769231,148.0,105.3375,209.1925,13.461538461538462,8,0.17594911010353928,0.18356031403283304,12,12,False
2024,SANTA MARIA GORETTI,51,65,27542700.526908696,540052.9515080136,400044.6266856488,229104.731817602,646337.4696089089,4358.130896725724,4098.937272102391,3094.0222637709667,5225.706235505334,146.9872549019608,85.1,63.815,170.845,21.568627450980394,8,0.1725654733707789,0.21168198780455633,12,12,False
2024,JARDIM ISABEL,45,48,41343872.08978394,918752.7131063098,861207.1824482718,520303.33217732323,1203051.5666557713,3652.3785071775656,3467.051541848099,2914.5108372129803,4220.146485706669,256.87044444444444,242.73,137.53,306.14,4.444444444444445,4,0.15226365297421668,0.3177521760784671,12,12,False
2024,NAVEGANTES,45,50,16345248.714113377,363227.7492025195,232332.63958305775,161254.01834858113,460196.6787183568,2630.5368411168943,2385.414472612147,1742.0540201078713,3273.45294046995,149.97511111111112,90.21,66.7,183.48,4.444444444444445,13,0.15226365297421668,0.1256229299513691,12,12,False
2024,FARRAPOS,35,35,7782326.012961206,222352.1717988916,193504.82201829736,149633.01510252623,281571.3132409233,3431.0327593913153,3201.019122528321,2148.3583837918113,5178.7671549834395,78.31171428571429,54.15,47.83,98.05,0.0,12,0.11842728564661298,0.05981179073407411,12,12,False
2024,VILA CONCEIÇÃO,29,32,33719349.10967426,1162736.176195664,1048151.1192657774,98968.50793120007,1635080.8970763965,6050.066512384507,5236.350670971801,3762.8832140218183,6015.586469990485,182.20379310344828,193.31,23.92,278.55,3.4482758620689653,2,0.09812546525005075,0.2591531952372706,12,12,False
2024,COSTA E SILVA,27,30,5922829.185913297,219364.0439227147,184041.85575304524,110923.15628961615,280518.9280945931,2951.458918609367,3048.5451615606676,2275.5014817063347,3711.6275395144025,91.52407407407406,54.47,36.3,124.61999999999999,11.11111111111111,9,0.09135819178453002,0.045520454839788595,12,12,False
2024,CAMPO NOVO,24,24,3980707.423252033,165862.80930216805,127330.86942703686,87133.0950733024,153562.72316802954,2735.543958354376,2728.7918944515186,1933.7081211835684,3362.4551895487675,70.95958333333334,39.03,39.03,63.25,0.0,7,0.0812072815862489,0.03059409731442625,12,12,False
2024,BELÉM NOVO,18,19,7697357.849350808,427630.9916306005,430010.7155962164,351772.5993279669,485648.72706042184,2944.0752898194432,2746.1508082308956,1984.149979186341,3761.1737828365704,187.34333333333333,162.67000000000002,113.25,210.7525,5.555555555555555,8,0.06090546118968668,0.0591587600061838,12,12,False
2024,PONTA GROSSA,18,18,5146805.871828774,285933.659546043,241507.13326081086,162117.4958024456,381522.3897351617,3219.618631544352,2943.528881349928,1757.2893264997165,4180.543300477446,113.04500000000002,76.74000000000001,55.68,155.70749999999998,0.0,8,0.06090546118968668,0.03955625544882465,12,12,False
2024,SÉTIMO CÉU,18,18,16820647.49542422,934480.4164124565,835704.3771229312,664440.4051223858,1001172.2990450708,3957.1889988171006,4036.6526947994093,3497.766221608198,4643.88500634063,244.15333333333334,225.38,181.8775,230.51,0.0,2,0.06090546118968668,0.12927665152196913,12,12,False
2024,CEL. APARICIO BORGES,13,16,4191880.764710688,322452.36651620676,253101.99860871435,161129.08574838634,489725.7421079782,3819.34322682473,3707.252507539906,3107.9751376831473,4531.97984553006,86.1853846153846,88.66,37.01,108.09,23.076923076923077,3,0.04398727752588482,0.03221708968032101,12,12,False
2024,JARDIM FLORESTA,9,10,2737243.9871152453,304138.2207905828,322508.03669716226,148584.82764032762,391715.0300995537,3701.3933541587476,4029.766011973702,1940.7631614462855,4410.868976938623,129.93555555555554,71.0,43.87,84.29,11.11111111111111,5,0.03045273059484334,0.021037343369163714,12,12,False
2024,SERRARIA,8,8,4464728.563460964,558091.0704326205,519440.2680291074,319818.1451408919,758314.4309392902,2573.2127196356732,2574.301236840046,2055.8351480845827,3302.907452214152,218.98000000000002,183.75,137.235,228.5125,0.0,2,0.027069093862082966,0.03431408682666577,12,12,False
2024,ANCHIETA,7,7,7372342.627155877,1053191.803879411,876478.0767372671,738661.0279273614,1371350.9312057039,4023.2421076688593,2741.5642062473166,1732.8070334431354,3057.0048696123167,765.8414285714285,321.0,290.125,716.7149999999999,0.0,3,0.023685457129322594,0.05666082527266897,12,12,False
2024,CHAPÉU DO SOL,7,9,5036363.56713732,719480.5095910457,410889.8917128186,92645.6612961003,623594.6293026131,3129.566381526822,1830.683148694047,1540.3545002833926,5096.109292340352,194.00714285714284,80.0,51.4,291.975,14.285714285714285,4,0.023685457129322594,0.0387074408392346,12,12,False
2024,PEDRA REDONDA,6,6,8710191.233096777,1451698.5388494628,1355693.1868346145,1041699.0229461007,1661229.5776957527,5041.585872829142,4944.2658628113995,3894.213119215113,5254.365167653214,283.92,297.46,261.325,305.98749999999995,0.0,1,0.020301820396562226,0.06694298522319542,12,12,False
2024,BELÉM VELHO,4,4,7463337.754494991,1865834.4386237478,476592.03778266977,380507.3445033855,1961919.131903032,1762.179225664922,1614.4478492217463,1076.9753988053471,2299.651676081321,718.0024999999999,355.7,291.52750000000003,782.175,0.0,4,0.013534546931041483,0.05736017679111771,12,12,False
2024,AGRONOMIA,3,3,6517337.410405649,2172445.8034685496,3045187.061432784,1567114.0527262082,3214148.1831930084,4320.4204318521815,2396.767553614328,2233.7447537796334,5445.269670805803,604.35,358.52,200.76,885.025,0.0,3,0.010150910198281113,0.05008960311933906,12,12,False
2024,CASCATA,2,2,611564.4472098318,305782.2236049159,305782.2236049159,238743.31778248475,372821.129427347,2928.292399516265,2928.292399516265,2428.777727623602,3427.807071408928,100.5,100.5,94.75,106.25,0.0,2,0.006767273465520742,0.0047002354663623,12,12,False
2024,LAMI,2,2,371031.22352553305,185515.61176276652,185515.61176276652,146788.65229604786,224242.5712294852,750.827900984822,750.827900984822,704.1258638626659,797.5299381069781,264.0,264.0,196.0,332.0,0.0,2,0.006767273465520742,0.002851594993624856,12,12,False
2024,ARQUIPÉLAGO,1,1,3100345.856813778,3100345.856813778,3100345.856813778,3100345.856813778,3100345.856813778,4769.762856636582,4769.762856636582,4769.762856636582,4769.762856636582,650.0,650.0,650.0,650.0,0.0,1,0.003383636732760371,0.023827996576108457,12,12,False
2024,LAGEADO,1,1,250427.9363052161,250427.9363052161,250427.9363052161,250427.9363052161,250427.9363052161,5962.569912028955,5962.569912028955,5962.569912028955,5962.569912028955,42.0,42.0,42.0,42.0,0.0,1,0.003383636732760371,0.0019246872073088893,12,12,False
2024,SÃO CAETANO,1,1,100804.98676687817,100804.98676687817,100804.98676687817,100804.98676687817,100804.98676687817,1344.0664902250421,1344.0664902250421,1344.0664902250421,1344.0664902250421,75.0,75.0,75.0,75.0,0.0,1,0.003383636732760371,0.000774746105908437,12,12,False
2025,PETRÓPOLIS,1953,2382,1056016022.8913617,540714.8094681832,364925.22789215646,68186.3250992957,729850.4557843129,6356.827974016007,5072.351104917108,3957.0631412743246,8136.426171980055,76.8390271377368,59.09,15.93,105.0,16.077828981054786,74,6.071817192600653,7.256687711279959,12,12,False
2025,CENTRO HISTÓRICO,1484,1539,374972991.6477922,252677.21809150418,186782.45777093156,94217.18308701353,304291.4990602906,4712.648105775502,4459.463681099392,3351.5998740823998,5711.263776428872,57.098544474393535,39.68000000000001,23.5,65.44,2.6954177897574128,93,4.613710554951034,2.5767240662714332,12,12,False
2025,MENINO DEUS,1023,1162,430431651.7032453,420754.3027402202,283235.5042586129,76619.00758712992,530196.9783459576,5930.486781833298,5005.30865219517,4247.9334926797,7065.02167246498,66.7464613880743,51.04,22.619999999999997,88.465,11.730205278592376,65,3.180475672314628,2.957822617983334,12,12,False
2025,RIO BRANCO,909,1097,589648217.5667981,648677.9071141894,319444.8826391142,72542.61065115817,809059.4460082926,6564.928499804371,5120.140697915135,4225.26959897226,8310.961212241436,82.07503850385038,64.62,14.96,119.45,14.3014301430143,40,2.826053163376341,4.051920502758611,12,12,False
2025,PARTENON,820,951,223605592.39308906,272689.7468208403,228030.08976312436,62204.54835172216,377409.8982052845,4799.340492149887,3983.1046268560517,3373.17981874824,5684.192994396589,61.48364634146341,45.96,21.02,70.42,14.390243902439023,62,2.549354888854345,1.536563763539916,12,12,False
2025,PASSO DA AREIA,745,918,300609624.1830534,403502.85125242063,266597.2415611801,83704.00049016644,639228.0746058128,5621.365682807528,4920.0759422995025,3900.3416114812635,7178.476360206095,73.2121476510067,61.56,22.08,90.12,18.389261744966444,46,2.316182185605472,2.065716919454418,12,12,False
2025,MONTSERRAT,729,864,557789274.8962964,765143.0382665246,357531.4382092796,53665.47469002301,824597.9697130822,7628.947674153515,5866.508390580847,4399.8812929356345,9352.88950902059,73.90688614540467,30.45,12.0,103.18,10.562414266117969,21,2.2664386755790455,3.832993523659937,12,12,False
2025,SARANDI,706,793,213788473.40719086,302816.5345710919,199742.39819491148,36620.50021444781,350126.31043733715,3442.099463134264,3045.239607289894,2748.8718786108834,4152.257613509912,101.18144475920681,55.28,10.58,120.405,12.039660056657224,71,2.194932379916058,1.4691028868478304,12,12,False
2025,TRISTEZA,684,816,314710110.7770117,460102.501135982,313516.2683300378,61906.793102769996,715367.7300019753,5415.990961317915,4955.4179750374315,3876.8681487938957,6649.596390430741,80.60029239766082,63.61,12.5,107.2175,15.497076023391813,28,2.1265350536297216,2.162612066470546,12,12,False
2025,MOINHOS DE VENTO,654,719,476004202.66154647,727835.1722653615,269857.02351328626,72412.26856773625,652371.8114818688,7112.532141313805,5594.554616652607,4057.880883933687,9128.773049849886,81.30455657492355,41.03,12.5,87.57,7.492354740061162,24,2.0332659723301725,3.2709862095785773,12,12,False
2025,SANTANA,638,723,224529567.4161017,351927.2216553318,318392.70857917756,138731.0934702248,484215.5730147336,5285.389369915212,4739.371431482796,3640.496690110529,6210.318944919025,71.193934169279,61.725,31.76,89.255,11.285266457680251,45,1.9835224623037464,1.5429130973091774,12,12,False
2025,BELA VISTA,581,689,533269006.56296885,917846.8271307553,124930.56832686896,53665.47469002301,1137907.0774929982,6755.286294341136,5632.190267947065,4223.964950021488,8325.84648305218,106.15905335628227,26.2,12.0,147.16,11.015490533562824,23,1.8063112078346029,3.664496146693479,12,12,False
2025,CIDADE BAIXA,573,639,207298371.78086066,361777.2631428633,318221.5820100965,178333.46564431183,447667.8698379471,7687.968097452256,6195.75959025791,4888.756992150706,10389.560341600449,54.30205933682373,39.22,27.69,67.46,11.169284467713787,36,1.7814394528213897,1.4245044719603384,12,12,False
2025,VILA IPIRANGA,555,662,162834905.88447842,293396.22681888,213656.12204733473,82613.11799545225,446093.47775447153,4647.880369889491,4154.448114237661,3504.989570798991,5534.3063139497535,65.97036036036036,56.15,26.509999999999998,77.955,17.47747747747748,41,1.7254780040416602,1.1189622457280513,12,12,False
2025,BOA VISTA,537,622,256724081.84225306,478070.91590736137,348764.5032458425,62778.00036762482,572598.438164816,8031.757395325756,6086.82132590053,4920.0759422995025,9416.00928172271,58.32854748603353,26.53,12.0,79.27,10.614525139664805,18,1.6695165552619307,1.7641460446722428,12,12,False
2025,AUXILIADORA,484,564,217567413.07770008,449519.4485076448,266754.09320702736,62778.00036762482,631805.7998984505,6297.678207091742,5218.833887141545,4185.200024508322,7108.515898862776,65.62721074380165,45.56,12.5,93.2675,12.396694214876034,21,1.5047411782993938,1.495070849903514,12,12,False
2025,CRISTO REDENTOR,482,584,144477136.7319793,299745.0969543139,266114.53674708214,117340.0504745716,426980.5815451355,4881.592249046783,4368.224462470906,3544.4413115460984,5671.240146991584,64.69433609958507,55.84,32.06,80.92,19.08713692946058,30,1.4985232395460906,0.9928120785641962,12,12,False
2025,CRISTAL,438,506,494065349.2842546,1128003.080557659,326977.0297441011,168782.19893202832,676804.0787363363,7086.779543297436,4364.75950385888,3486.35271925136,8374.441513694925,110.16251141552513,63.14,40.65,136.9375,12.100456621004566,35,1.3617285869734184,3.395098058175135,12,12,False
2025,BOM FIM,423,445,166735980.5364568,394174.89488524065,345127.70704105054,146184.65901703766,519339.62316515227,5775.969016368628,5371.45449028896,4277.091239010007,6949.86400998643,74.45988179669031,60.1,30.535,89.65,4.7281323877068555,31,1.3150940463236438,1.1457694909536376,12,12,False
2025,TRÊS FIGUEIRAS,399,450,422179342.1061378,1058093.5892384406,510133.1540013816,72510.08378424023,892084.6972940033,11436.88943482744,10041.128109487474,5155.292432667643,17209.821004975987,87.45929824561402,30.17,15.4,72.08,8.521303258145362,8,1.2404787812840044,2.9011147344428507,12,12,False
2025,CAVALHADA,392,435,118007342.5468373,301039.1391500952,222078.452281227,102498.86992000259,358545.12476452655,4111.93426669486,3936.0607538396016,2991.320085363973,5239.739227018686,72.08691326530612,54.73,39.65,71.36,9.948979591836734,42,1.218715995647443,0.8109180295918063,12,12,False
2025,SÃO SEBASTIÃO,389,464,126823722.70484027,326024.99409984646,272021.7490760445,84754.47587013799,497882.7360051031,5984.197053815815,5147.939277151208,4055.298937460939,7893.007553115473,56.58282776349615,56.54,21.16,71.51,19.02313624678663,15,1.209389087517488,0.8715020701401517,12,12,False
2025,AZENHA,379,425,113494607.64192152,299458.067656785,271386.6735764574,101805.19093153863,409997.5541895551,5039.613639020269,4616.251491835847,3846.455405890364,6041.730782649933,61.696728232189976,56.11,23.92,75.96000000000001,10.554089709762533,29,1.1782993937509716,0.7799076024591723,12,12,False
2025,HIGIENÓPOLIS,372,455,158507875.6153089,426096.4398260992,279375.1193797875,74587.8526535111,646179.8270871796,5390.028580370246,4905.060145008694,3951.338081105823,6562.63563411172,74.62852150537634,61.305,18.615000000000002,103.5575,17.20430107526882,18,1.1565366081144102,1.089227936115356,12,12,False
2025,SANTO ANTÔNIO,359,424,112888345.56904092,314452.2160697519,248941.36800255155,63076.546798393094,407717.616791288,4757.847497033313,4341.174327075174,3695.2515862316795,5457.437027011078,71.70130919220057,57.72,22.08,75.63499999999999,17.548746518105848,27,1.1161200062179388,0.7757415155450345,12,12,False
2025,SÃO JOÃO,344,415,139235908.50104883,404755.5479681652,269323.16834146366,138662.50837538997,524320.5534120515,4608.514155819826,4222.170615353474,3352.3738678144855,5541.351395181268,93.72497093023256,71.83000000000001,38.5525,108.61,15.988372093023257,26,1.0694854655681643,0.9567956207918319,12,12,False
2025,HÍPICA,334,334,135140883.03322047,404613.4222551511,309323.59108689695,174219.31543441734,499731.3595603923,3703.6571329698527,3488.2559863199635,1991.8552365927428,5116.164085567353,121.18799401197604,122.82,54.07,149.11,0.0,36,1.0383957718016477,0.9286555922831682,12,12,False
2025,JARDIM BOTÂNICO,326,388,114571929.32537907,351447.6359674205,304965.5998628199,71555.45896542688,555147.9244199824,5124.642621195106,4872.677157530854,3773.2344909693393,6403.952392835492,68.52665644171779,61.62,21.16,85.24000000000001,16.257668711656443,25,1.0135240167884347,0.7873106975372535,12,12,False
2025,HUMAITÁ,324,385,67723976.25622085,209024.6180747557,203005.89531801402,42621.63008772063,283762.5668118208,3566.188161259465,3316.7514786669394,2677.5990342988302,4244.349853832,68.7500925925926,51.2,21.16,67.3,18.209876543209877,20,1.0073060780351313,0.4653828498851214,12,12,False
2025,JARDIM LEOPOLDINA,317,325,43790808.90549744,138141.3530141875,125068.1432844819,91161.49214905337,161368.65075553907,3040.6139533725936,2886.751143030796,2366.3113210063307,3588.395147727616,48.73441640378549,41.66,35.52,51.56,2.5236593059936907,35,0.9855432923985699,0.30091988943639697,12,12,False
2025,TERESÓPOLIS,316,356,127996657.27327861,405052.7128901222,382257.7754756762,199072.9948367058,548525.1151709673,5665.497557703529,4786.877140381137,3635.0786582501805,6550.197598287697,82.98968354430379,65.32499999999999,33.59,100.035,12.025316455696203,23,0.9824343230219182,0.8795621939303355,12,12,False
2025,JARDIM CARVALHO,301,380,87147014.23090056,289524.964222261,352666.9380036147,61863.50919201172,419608.1544572043,4873.966841451238,4920.0759422995025,3457.5190000354387,5844.305236913058,57.966644518272425,57.66,20.7,78.67,25.581395348837212,18,0.9357997823721437,0.5988532877679397,12,12,False
2025,INDEPENDÊNCIA,292,320,115503324.74715365,395559.33132586867,334415.1847196913,133146.7930111125,554543.7637256508,5858.163955882564,5212.424826050101,4318.012538759416,6512.2241615598205,72.70784246575343,49.93,26.6,105.9375,8.561643835616438,26,0.9078190579822789,0.7937110224992067,12,12,False
2025,JARDIM ITU,287,339,102954574.9886292,358726.74212065927,321260.13288370054,52451.019307150535,538646.3366829273,3828.8601254956425,3759.654093977918,2694.5983681138932,4829.932890304892,97.46261324041812,75.09,21.16,134.72,15.6794425087108,25,0.8922742110990207,0.7074790371972376,12,12,False
2025,VILA NOVA,280,310,78595965.2967078,280699.8760596707,198536.1473950401,117007.58474899645,331699.21665303607,3315.20113507954,3279.2716146431385,2182.0653873180836,4310.61529339434,93.74000000000001,59.89,43.86,117.45,9.642857142857144,34,0.8705114254624592,0.540092539470379,12,12,False
2025,FLORESTA,276,299,84465249.62115675,306033.51312013314,286257.2039037576,100050.20979886787,417768.4701240051,4628.230836142502,3827.746666093518,2562.678324653722,5391.298272438226,90.87902173913044,48.23,30.98,91.0575,6.884057971014493,22,0.8580755479558526,0.5804248474164475,12,12,False
2025,RESTINGA,273,276,35213371.649695285,128986.70933954317,128386.77249963178,86842.90050854767,147837.46782985216,2799.412260307885,2695.7512871151607,1859.9629061962835,3542.4660459596375,51.32465201465202,41.19,40.99,49.08,1.098901098901099,30,0.8487486398258978,0.24197780694977764,12,12,False
2025,JARDIM LINDÓIA,267,338,109047372.67867433,408417.12613735703,360109.2399379916,52315.00030635402,615211.3269872305,4956.089677522106,4706.356765000573,3887.960079961671,6072.374421634811,85.51367041198502,68.17,12.0,112.39,22.47191011235955,15,0.8300948235659878,0.7493472751465151,12,12,False
2025,JARDIM DO SALSO,263,340,127759623.3689667,485778.0356234475,227891.7537924614,75864.0371191513,805010.2930504626,5939.6389419582865,5093.358253582856,4005.897339647225,8190.53780133414,71.60011406844107,58.0,22.08,114.49,21.292775665399237,13,0.8176589460593813,0.8779333540422176,12,12,False
2025,MORRO SANTANA,258,287,55364200.82695244,214589.92568586217,194385.19010456622,126323.98493974692,261692.3577986295,3861.0040404987585,3697.094647443144,2920.5702647096,4437.965934851887,59.65577519379846,47.845,40.23,58.445,11.24031007751938,29,0.8021140991761231,0.3804494506492094,12,12,False
2025,NONOAI,255,298,66707117.988418765,261596.541131054,235897.64703184378,93603.99367073967,360446.3557536944,3780.1854808797793,3769.5708746236046,2966.7468364574024,4632.758450548481,79.91764705882353,62.13,39.17,80.15,16.07843137254902,36,0.7927871910461682,0.458395244833572,12,12,False
2025,IPANEMA,237,261,105781053.62182924,446333.5595857774,337108.10250345524,158940.7654240291,625340.7164224095,3844.8935657476954,3531.262520678896,2783.45306232264,4373.295968531372,133.1484810126582,111.05000000000001,45.0,182.0,8.016877637130802,21,0.7368257422664387,0.726901917455796,12,12,False
2025,CAMAQUÃ,225,267,54704280.09503737,243130.13375572165,229039.3752659264,81571.52152883497,352666.9380036147,4052.996597764544,3950.7419017628463,3228.556626702164,4824.585677856429,61.226444444444446,56.27,35.13,76.69,17.77777777777778,26,0.699518109746619,0.37591463435674904,12,12,False
2025,MÁRIO QUINTANA,195,209,45017951.282044135,230861.28862586737,146376.10420335768,89195.54381953503,224080.42338469674,3108.6528642557337,3294.3271859244655,2095.7968566750105,4007.1359739462814,78.48835897435897,41.19,40.29,97.4,7.179487179487179,17,0.6062490284470698,0.30935251622504695,12,12,False
2025,JARDIM EUROPA,187,206,159325413.58721477,852007.5592899185,115392.24247573118,79018.7526551065,1347967.6191441491,8064.927373461382,6334.48030479011,4897.556754736577,11121.20833271298,73.87117647058824,23.18,13.36,123.61999999999999,7.4866310160427805,6,0.5813772734338567,1.0948458601104774,12,12,False
2025,LOMBA DO PINHEIRO,185,189,73809048.74162789,398967.8310358264,254127.6465026047,107354.82661056907,456392.50800467783,3776.0592340384314,3434.804062382235,2488.831811468422,4607.180113248287,94.40383783783783,78.13,40.02,114.83,2.1621621621621623,25,0.5751593346805534,0.5071980020891556,12,12,False
2025,SANTA ROSA DE LIMA,173,177,23274578.298066206,134535.13467090292,116139.30068010592,92597.55054224662,159814.06541269695,2787.017717977493,2595.2357740569223,1987.4514137453211,3841.4995772486163,55.12254335260116,40.42,40.26,45.24,1.1560693641618496,25,0.5378517021607337,0.15993729513531782,12,12,False
2025,SÃO GERALDO,168,194,54691147.29027043,325542.54339446686,246518.13367941938,119848.41135980355,382867.02929419617,3740.5704843181697,3292.022130221032,2423.0469107579847,4439.703753719249,110.05785714285715,68.28999999999999,35.129999999999995,96.0625,10.714285714285714,21,0.5223068552774756,0.3758243888861302,12,12,False
2025,CHÁCARA DAS PEDRAS,166,196,113123159.26126152,681464.8148268766,514604.2731171481,72896.2278719921,947944.5730126487,5669.089259990191,5092.757455183703,4332.317161172992,6802.724106900454,118.45096385542169,84.21,21.16,165.3525,13.855421686746988,10,0.5160889165241722,0.7773550986705177,12,12,False
2025,MEDIANEIRA,166,190,57956136.7844199,349133.35412301146,295337.2381154333,166160.0650961031,456427.4926512181,4171.362032546318,3870.367667562397,3046.383356002747,4944.5150405294535,96.73259036144579,71.54,47.585,101.735,12.650602409638553,18,0.5160889165241722,0.3982606101423014,12,12,False
2025,BOM JESUS,162,193,45873891.893303856,283172.172180888,247049.45649099234,61942.47703354269,367747.45426833397,4073.430724738879,3934.251656777723,3216.164547457191,4920.0759422995025,85.6003086419753,64.465,21.16,81.27250000000001,14.814814814814813,18,0.5036530390175656,0.3152343339064751,12,12,False
2025,SANTA CECÍLIA,160,178,60479333.66885041,377995.83543031506,319557.6404278113,151496.53313754295,464549.29146837525,5451.825619370781,4766.054289216959,3831.5807424494587,6372.9022927033675,72.706625,68.1,21.16,89.44,11.25,11,0.4974351002642624,0.4155994112849716,12,12,False
2025,SANTA TEREZA,154,174,63511991.929263376,412415.53200820374,229271.29691787198,126632.41245704374,516974.925121103,3608.2953304825564,3385.9191513576916,2483.6090912862946,4450.498229710158,127.7587012987013,79.72,38.3875,154.1975,9.740259740259742,30,0.47878128400435255,0.4364391082723292,12,12,False
2025,JARDIM SABARÁ,149,179,50030906.61709193,335777.89675900625,304215.9119814731,165513.7567262543,505483.74577478104,4091.2648371665186,3844.9920470559578,2833.107132324062,5327.366648842869,94.99604026845637,79.53,49.43,117.0,17.449664429530202,19,0.46323643712109436,0.3438003376486609,12,12,False
2025,PARQUE SANTA FÉ,147,147,39737126.32645946,270320.58725482627,206883.17842341217,144593.43398690078,306722.97480463324,3566.322150957239,3426.344411256625,2618.605342920351,4500.778510572755,95.14557823129253,44.86,44.31,91.055,0.0,12,0.45701849836779107,0.2730639592998514,12,12,False
2025,VILA JARDIM,127,159,58117408.875077955,457617.3927171493,283235.5042586129,63565.85690260349,627900.5524939422,5058.943058074422,4389.71322418094,3227.6501009817543,6244.8171444645595,100.93007874015747,68.53999999999999,15.705,138.28,16.535433070866144,21,0.39483911083475826,0.39936883309828125,12,12,False
2025,GLÓRIA,126,153,39922353.71123544,316844.0770732972,291424.0851164801,169032.7349148932,392860.18370519846,3965.295140819109,3917.1012399321426,2934.163097430866,5015.94346153345,98.83365079365078,62.155,50.0,116.4675,20.634920634920633,16,0.39173014145810664,0.2743367972660937,12,12,False
2025,JARDIM SÃO PEDRO,102,109,33298739.412565146,326458.22953495244,250003.34577903245,89593.05863736785,405203.2671374151,3534.502578825855,3358.111197114421,2653.6576589227743,4161.304117636193,100.87588235294118,71.19,28.715,136.5375,4.901960784313726,6,0.31711487641846725,0.2288209154579597,12,12,False
2025,RUBEM BERTA,102,103,15614972.850040816,153087.96911804721,130274.84515188297,81626.37023300669,174802.4925619259,2380.6029777428216,2247.5964178065415,1529.124820724865,2814.1239674593007,69.05176470588235,55.025,43.95,63.12,0.9803921568627451,23,0.31711487641846725,0.10730233172278156,12,12,False
2025,PRAIA DE BELAS,101,105,45284594.85759638,448362.32532273646,316318.1790570022,129008.79075546902,543968.5162565752,7015.954986966341,6132.740656305209,3921.5716446526712,10518.826518623642,116.76960396039605,41.95,29.35,60.23,3.9603960396039604,6,0.31400590704181564,0.31118482664085284,12,12,False
2025,SANTA MARIA GORETTI,85,101,37171046.112828486,437306.4248568057,357531.4382092796,206892.19590781786,458821.02650742023,4586.970504917902,3936.768766764382,3106.913522165183,6285.8936629809195,114.6475294117647,74.33,44.66,110.0,16.470588235294116,9,0.2642623970153894,0.25543047424966264,12,12,False
2025,VILA SÃO JOSÉ,72,84,13570786.171660572,188483.1412730635,178303.208998991,99758.34131876014,232228.07404584822,3364.9227731781016,3462.423920895461,2731.688286532738,3957.4094859454244,65.71000000000001,50.98,27.95,66.295,11.11111111111111,16,0.22384579511891808,0.0932551733208203,12,12,False
2025,CAMPO NOVO,71,71,10501123.95856885,147903.15434604016,116174.37218869121,75976.33512689662,137772.4510982121,2660.9339812373255,2796.1389368412542,1879.895725285719,3199.150536327628,60.74985915492956,39.03,38.24,40.47,0.0,8,0.22073682574226644,0.07216119408503861,12,12,False
2025,VILA  ASSUNÇÃO,69,74,66022192.0596891,956843.3631839,777242.2569766948,111240.2495795561,1396594.2666767146,5063.712730288769,4368.695657932784,3579.256364434498,5862.179134366446,182.26333333333332,143.35,25.0,257.0,5.797101449275362,7,0.21451888698896315,0.45368859885244284,12,12,False
2025,ABERTA DOS MORROS,68,68,26261830.973730635,386203.3966725093,357919.4786446091,229534.8548856182,427574.53060487355,3479.550038428986,3436.1584086749244,2212.8865350102487,4131.7550285750785,140.00397058823532,106.49000000000001,88.2725,136.75,0.0,9,0.2114099176123115,0.1804649758826509,12,12,False
2025,VILA JOÃO PESSOA,62,69,16558001.480128096,267064.54000206606,210866.1560799199,96464.78010098872,335218.0338801242,3140.333533008211,3109.287197502707,1977.7028915475942,4065.1455623635634,93.49532258064518,63.755,43.62,125.92,9.67741935483871,13,0.19275610135240168,0.11378259728977813,12,12,False
2025,NAVEGANTES,61,66,31738711.812144108,520306.7510187559,272745.3003971828,200170.92302265088,529715.4741883624,2577.3493605560234,2586.1524488477235,1667.575243793092,3067.909103557255,210.45918032786886,144.9,76.29,234.74,8.19672131147541,10,0.18964713197575003,0.21810078160408397,12,12,False
2025,FARROUPILHA,59,64,24394063.018580526,413458.6952301784,429323.7975201841,237062.8209657092,520549.56959425524,5631.253354844245,5126.740384903909,4222.791964242946,6407.144860449342,73.32864406779662,77.89,38.5,98.37,8.47457627118644,2,0.18342919322244675,0.16763012444682693,12,12,False
2025,PASSO DAS PEDRAS,56,60,15997562.799144087,285670.76427043014,251215.330710692,174039.70695825055,311343.8393638456,3518.004087618173,3725.4469381267213,2285.320236182653,4840.401803244243,102.70839285714285,62.85,48.41,140.12,7.142857142857142,9,0.17410228509249184,0.1099313976857348,12,12,False
2025,GUARUJÁ,52,52,23781405.559400573,457334.7222961649,438296.85704628273,285646.71576052706,542844.1158731575,3277.9130165790707,3218.6503237046554,2320.530654277709,3983.291372089596,146.45000000000002,134.09,111.2775,184.53,0.0,9,0.16166640758588527,0.16342008997871116,12,12,False
2025,ESPÍRITO SANTO,49,51,20369254.789477546,415699.0773362764,391989.4508993882,227991.06204649713,639289.3037436461,3420.235173763764,3073.6892221581597,2252.7460355816406,3624.3151008989835,159.1473469387755,150.0,78.0,204.48,4.081632653061225,9,0.15233949945593037,0.13997261188710064,12,12,False
2025,JARDIM ISABEL,49,52,37854063.15095454,772531.9010398885,810882.5047484873,521117.2636853413,1067226.006249622,4040.931561860801,3868.176739729501,3303.4374877042237,4611.142121317627,201.44979591836736,225.18,94.9,277.13,4.081632653061225,4,0.15233949945593037,0.2601240027944223,12,12,False
2025,FARRAPOS,43,44,22386496.996275455,520616.20921570825,160996.424070069,134490.62349650197,283984.0498269212,3456.7063396272592,2608.7622592660955,1879.254028109059,5245.211566613045,97.83674418604652,65.23,45.505,93.58,2.3255813953488373,12,0.13368568319602053,0.15383461437136747,12,12,False
2025,JARDIM FLORESTA,38,42,10520213.40457351,276847.7211729871,230020.9141797077,57610.486159562526,419336.11645561125,3695.1386118604278,3891.3132545816993,3040.3292155851495,4498.04133644778,93.26868421052632,74.965,13.7725,92.905,5.263157894736842,5,0.11814083631276232,0.07229237215926695,12,12,False
2025,ANCHIETA,29,29,32485520.50337089,1120190.362185203,305990.4315031363,305990.4315031363,416893.81094827305,8592.568653610499,11674.568161126908,2779.292072988487,11674.568161126908,312.4741379310344,26.21,26.21,150.89,0.0,3,0.09016011192289757,0.2232326710213149,12,12,False
2025,CHAPÉU DO SOL,19,19,1904067.714950791,100214.09026056796,91231.30697303911,82113.25629896876,108758.8272202567,1950.5310419408158,1778.3880501567078,1597.4943125525474,2115.766831950974,51.37368421052631,51.3,51.3,51.5,0.0,2,0.05907041815638116,0.013084294640432526,12,12,False
2025,COSTA E SILVA,19,22,3760886.6659596427,197941.40347156013,156335.17910560238,98585.33474710464,211081.08638608025,2963.807095557729,2786.8082940621844,2475.5675712075745,3268.5664901289065,70.44052631578947,43.82,31.665,63.195,15.789473684210526,8,0.05907041815638116,0.02584390715745194,12,12,False
2025,BELÉM NOVO,17,17,4804705.189795617,282629.717046801,251764.8926743226,177871.00104160368,390837.947764006,2275.8570024710134,1891.7779571100166,1427.4488405843686,2330.813108177793,157.83588235294118,140.0,97.0,221.18,0.0,9,0.05285247940307788,0.03301677659364434,12,12,False
2025,PONTA GROSSA,17,17,4470444.946326325,262967.3497839015,186181.8501034678,116205.44672476134,244655.69630678504,2816.9357793051067,2292.285999421759,1145.7682748309444,4042.616444832214,133.5570588235294,81.0,46.08,126.0,0.0,7,0.05285247940307788,0.030719820725009193,12,12,False
2025,VILA CONCEIÇÃO,17,19,26354307.38842232,1550253.3757895483,965978.5444204141,761970.2758108228,2950566.0172783667,5723.099529388047,4038.371841222467,2676.4339588285884,7214.820613328842,306.9623529411765,250.48,193.31,360.92,5.88235294117647,2,0.05285247940307788,0.18110045152651374,12,12,False
2025,SÉTIMO CÉU,16,18,11933807.95714141,745862.9973213382,795370.1136247511,465544.3254085517,922606.7656825564,3825.3433891469285,3876.2035868570692,3360.96319569798,4183.151411493012,194.80687500000002,210.18,140.03,230.51,6.25,2,0.04974351002642624,0.08200625338453987,12,12,False
2025,CEL. APARICIO BORGES,15,15,4922499.458842531,328166.63058950205,177445.13272306832,148298.61657841958,304266.88483730314,4674.537628187022,3304.808584916703,2911.3188989714968,3493.1429117160574,93.11466666666668,51.0,39.53,98.435,0.0,4,0.0466345406497746,0.03382623043347484,12,12,False
2025,PEDRA REDONDA,15,15,27617403.70272061,1841160.2468480405,1778710.0104160367,1317681.4794368432,2382604.55674053,5977.748026819372,5268.600381006382,4913.520187532244,6561.4072474884615,329.46799999999996,364.07,219.16,431.42,0.0,2,0.0466345406497746,0.1897801451139607,12,12,False
2025,SERRARIA,9,9,3910364.6289343503,434484.9587704834,298195.5017462179,173701.31883172007,569977.6551162428,2449.645791932731,2474.720628326862,1968.1572820162085,2659.3877224006515,157.36777777777777,136.0,95.94,225.43,0.0,2,0.02798072438986476,0.026871083709239275,12,12,False
2025,LAMI,8,10,1419106.708308478,177388.33853855974,110038.32534437891,78070.84478378645,214870.26152391025,1284.2060059375408,1274.2918160833296,975.5714935672995,1682.7829929776615,126.28,104.0,91.5,131.06,12.5,5,0.02487175501321312,0.009751759431624173,12,12,False
2025,AGRONOMIA,4,4,1330171.9772010813,332542.99430027034,324748.3263321802,172321.16572481891,484970.1549076316,4368.53703594989,3750.938725550055,2909.2134296093614,5210.262331890584,84.48249999999999,63.89,57.6225,90.75,0.0,3,0.01243587750660656,0.00914062138414833,12,12,False
2025,BELÉM VELHO,3,3,658280.0822430928,219426.69408103093,155588.35500159473,147620.2936196859,259313.92500265787,1955.5445931249694,516.9220073809586,514.6660235733901,2677.1118698045434,216.19333333333336,272.54,173.79500000000002,286.765,0.0,2,0.00932690812995492,0.0045235421431529185,12,12,False
2025,CASCATA,2,2,901921.1333556853,450960.56667784264,450960.56667784264,355954.6456352951,545966.4877203902,1617.6139002864145,1617.6139002864145,1437.2658986349647,1797.9619019378642,265.805,265.805,236.7075,294.90250000000003,0.0,2,0.00621793875330328,0.0061977847523997385,12,12,False
2025,LAGEADO,2,2,1562318.6108892208,781159.3054446104,781159.3054446104,759315.5635535042,803003.0473357167,1693.366448340099,1693.366448340099,1630.7581188723527,1755.9747778078454,465.76,465.76,435.64,495.88,0.0,2,0.00621793875330328,0.010735877125900496,12,12,False
2025,SÃO CAETANO,2,2,1000560.53688092,500280.26844046,500280.26844046,286444.0837206021,714116.4531603178,2372.0553657382734,2372.0553657382734,1449.09978069792,3295.010950778627,179.0,179.0,158.5,199.5,0.0,2,0.00621793875330328,0.0068756109708407375,12,12,False
2025,PITINGA,1,1,209804.07722860214,209804.07722860214,209804.07722860214,209804.07722860214,209804.07722860214,1477.4935016098743,1477.4935016098743,1477.4935016098743,1477.4935016098743,142.0,142.0,142.0,142.0,0.0,1,0.00310896937665164,0.0014417230761638309,12,12,False
2026,PETRÓPOLIS,723,900,396989722.6212017,549086.7532796704,357183.23206381703,69936.56294912,742505.4191934196,6070.231217517143,4927.869709173292,3950.5192632890135,7711.654937750136,79.21651452282158,66.75,21.08,113.36500000000001,17.565698478561547,72,5.099449851883199,6.396073995514661,6,6,True
2026,CENTRO HISTÓRICO,650,681,157048811.84446582,241613.55668379358,189827.81371904,89304.02039458808,309595.37476672,4418.692291945177,4242.898453905298,3028.7000176988495,5393.686698797125,57.43636923076923,42.4,26.817500000000003,68.97999999999999,3.6923076923076925,86,4.584567640005643,2.530281677904617,6,6,True
2026,MENINO DEUS,459,542,179629200.9909299,391349.0217667318,289737.18936064,71125.0670667918,516266.21380590263,5576.356646868506,4878.564986707335,4158.664129528717,6660.984241454411,68.67183006535947,55.58,21.16,93.735,13.943355119825709,64,3.237410071942446,2.8940841433052342,6,6,True
2026,CRISTAL,457,479,456136082.95300937,998109.5907068038,522054.92989039427,330608.31656685704,905404.5386830948,11424.473007251221,8909.820178577156,4721.615105935728,19314.16667057246,89.09824945295404,51.38,39.2,76.38,3.7199124726477026,32,3.223303709973198,7.349006718180089,6,6,True
2026,RIO BRANCO,449,526,275211855.653885,612943.9992291426,396930.9575802691,79927.50051328,687902.4521451105,7900.054420201683,5850.334022130535,4281.946603431712,11770.817199052217,74.83935412026726,40.26,18.77,103.25,12.026726057906458,39,3.1668782620962053,4.434057843066033,6,6,True
2026,PASSO DA AREIA,370,475,145904885.0318281,394337.52711304894,286069.90410448465,80525.73507528426,647537.4496871786,5567.340151976215,4856.650211831809,3727.3347501904946,7314.725677114631,66.36191891891892,63.415,24.6825,83.25999999999999,23.513513513513516,42,2.6096769643109043,2.3507370286789193,6,6,True
2026,CIDADE BAIXA,350,390,109038213.42993033,311537.7526569438,259807.76957631606,74440.03412351922,426445.08551991254,7144.47970083863,5422.386717938414,4012.7523620523093,10126.586017048174,49.09388571428572,33.06,17.05,57.3075,10.0,35,2.468613344618423,1.7567620562863118,6,6,True
2026,PARTENON,301,351,81939600.41522884,272224.5860971058,236363.45250943047,109728.03322563773,359683.51468826376,4633.939595431439,3878.6546690889413,3143.150016143394,5354.905412619627,66.13146179401993,55.27,26.98,77.22,14.61794019933555,58,2.1230074763718436,1.3201645220392357,6,6,True
2026,MONTSERRAT,299,375,215985163.82099533,722358.407428078,352902.1358966521,51383.35924118054,895353.0320797713,7303.160120386188,5515.628375780484,4351.048105169368,9508.200911918313,86.75391304347825,43.6,12.0,119.795,14.715719063545151,19,2.1089011144025958,3.479830864665976,6,6,True
2026,TRISTEZA,286,331,121156619.68915503,423624.5443676749,300856.68791048194,60697.275189274456,661187.8240154743,5058.75170817883,4721.615105935728,3388.6575261573444,6361.233504426437,80.89034965034965,65.44,12.625,118.5375,12.937062937062937,25,2.0172097616024827,1.952006967489385,6,6,True
2026,SANTANA,257,283,92249784.25009736,358948.5768486279,301466.55006096384,143873.4058753055,423517.2608756688,5122.550213363938,4744.023845345437,3625.882627794173,6457.41616490334,72.90743190661479,58.59,35.27,83.52,8.560311284046692,41,1.812667513048385,1.4862763757158637,6,6,True
2026,SARANDI,246,279,80267024.41203208,326288.7171220816,239590.98196992,95976.67704537453,378685.2872168659,3685.446816540027,3474.6866159015926,2832.9690635614365,4478.191701373864,92.92142276422763,60.76,41.1225,143.75,13.008130081300814,54,1.7350825222175201,1.293216922970591,6,6,True
2026,MOINHOS DE VENTO,234,253,126103325.25309023,538903.0993721805,284500.2682671672,69852.77313727999,656459.742195877,6273.249351408568,5247.867139633461,3842.379406960948,8139.574127421903,78.29111111111112,42.435,15.3175,107.755,6.837606837606838,25,1.6504443504020314,2.031705491199389,6,6,True
2026,BOM FIM,218,237,81698376.57210413,374763.19528488134,317134.074323568,104358.84847542587,527559.5688597675,5726.138342038307,5516.609942878009,4089.1133637817115,6777.953695750353,66.94646788990826,58.650000000000006,23.98,88.895,7.339449541284404,29,1.5375934546480463,1.3162780598408672,6,6,True
2026,VILA IPIRANGA,218,273,69999108.56262678,321096.8282689302,255688.72379870142,112087.9765116169,498398.635478108,4566.063730670939,4255.712566734921,3401.939463321125,5790.807928889,73.70408256880734,60.17,32.3,91.125,22.018348623853214,37,1.5375934546480463,1.1277860671819664,6,6,True
2026,BELA VISTA,215,258,167458920.7162333,778878.7010057364,113043.39033059718,56692.15949789388,788473.286464511,6580.194063635114,5690.815273284442,3956.064193558959,7704.068275828742,81.74265116279071,23.16,12.0,114.46,10.232558139534884,21,1.516433911694174,2.6980034672888755,6,6,True
2026,CRISTO REDENTOR,214,259,63887648.2124012,298540.4122074822,263336.0552191113,70460.01819087373,418124.3107080678,4736.067983091872,4235.322210994963,3352.9475687416893,5917.387206365627,65.74920560747664,58.39,24.3475,76.02250000000001,17.289719626168225,31,1.50938073070955,1.0293216727825303,6,6,True
2026,FLORESTA,207,222,39834093.05666101,192435.23215778265,113043.39033059718,40897.40816,286856.242431949,3390.4622121413117,2698.8575757575754,971.4348731591448,4313.268955112784,70.262077294686,42.11,31.01,72.69,7.246376811594203,22,1.4600084638171815,0.6417843894103209,6,6,True
2026,SÃO JOÃO,205,258,78824942.33514947,384511.9138299974,303486.3759463723,71936.70293765275,521032.2555251954,5358.855536690524,4660.676829805629,3678.5412169637366,6851.114565490739,77.14131707317074,59.7,15.32,96.97,20.0,25,1.4459021018479334,1.2699829117462056,6,6,True
2026,BOA VISTA,188,227,106019459.13642418,563933.293278852,422939.05023999995,69824.84319999999,667265.7461913103,7660.873775998785,6071.725495652173,4714.07258979206,10259.108739093921,75.45196808510639,36.28,12.0,92.9775,15.425531914893616,17,1.3259980251093244,1.708125593588847,6,6,True
2026,CAVALHADA,185,189,45157242.77019644,244093.204163224,179836.87615487998,79357.95921725279,359608.49498377164,4029.044794381513,3777.292084748582,2630.215258201893,5275.97477424397,63.226108108108114,50.66,36.12,67.04,2.1621621621621623,37,1.3048384821554522,0.727547968457586,6,6,True
2026,HIGIENÓPOLIS,181,233,87165834.97628471,481579.19876400393,374299.86366719246,79927.50051328,648373.5439999999,5566.729881601362,4865.110143806404,3896.4756249999996,6708.659088548716,79.50662983425414,69.28,21.16,113.33,21.54696132596685,19,1.2766257582169558,1.40436665893517,6,6,True
2026,AZENHA,178,206,49678957.31844214,279095.2658339446,238593.48420992,71561.66054398575,410421.94928023475,4719.997526302842,4334.130411809339,3416.2898284158696,5974.679228705972,57.80505617977528,57.955,27.355,75.54,14.606741573033707,25,1.2554662152630836,0.8003992771670828,6,6,True
2026,SÃO SEBASTIÃO,168,198,54989723.7229079,327319.78406492795,300597.3384928819,69824.84319999999,511154.71817132673,5350.242652055466,4749.000473550155,3787.9992924556523,7193.898158779616,66.09547619047619,57.925,21.16,77.1975,17.261904761904763,14,1.184934405416843,0.8859633433388105,6,6,True
2026,INDEPENDÊNCIA,165,179,62524200.75401653,378934.5500243426,334161.7496,71436.64641276341,541723.1810642745,6770.477237051146,4987.488799999999,4215.088554810726,6803.490134548896,67.98369696969698,45.74,15.82,101.84,7.2727272727272725,22,1.163774862462971,1.0073545780798148,6,6,True
2026,HÍPICA,163,163,61709468.60527405,378585.6969648715,303486.3759463723,202324.25063091484,498649.13022399996,3789.875681095485,3679.958924952145,2435.059738134533,5220.204393633336,116.0914110429448,96.65,57.93,142.45,0.0,32,1.1496685004937226,0.9942280742613421,6,6,True
2026,JARDIM BOTÂNICO,160,180,58410979.56438537,365068.62227740855,301944.52010209055,64043.023572354155,533071.9687514171,4995.934115177599,4785.945227754129,3548.9981236342746,6281.2121480417845,72.8516875,60.13,21.16,88.3475,10.625,24,1.1285089575398504,0.9410846834460367,6,6,True
2026,AUXILIADORA,156,183,69032475.25221373,442515.86700137006,334161.7496,69936.56294912,613499.5027015645,5899.4311909955,4995.46878208,4052.5204043530002,7422.297841961726,73.08935897435897,59.870000000000005,14.8825,105.05,15.384615384615385,20,1.1002962336013542,1.1122122177152625,6,6,True
2026,JARDIM CARVALHO,151,203,50545769.4653075,334740.1951344867,331670.1440592587,170810.4640952593,408591.74483646685,4703.45820420745,4930.69221874609,3393.459877854413,5825.898784551051,70.09264900662251,67.99,53.21,79.315,32.450331125827816,15,1.0650303286782339,0.8143648644748728,6,6,True
2026,HUMAITÁ,150,198,26784303.435685255,178562.02290456835,169565.08549589576,50439.86275989966,287955.01097710326,3202.637960391361,2983.204617756931,2209.8871258450945,4030.1441457368146,54.550200000000004,58.230000000000004,20.975,75.4525,31.333333333333336,19,1.0579771476936097,0.4315335559868501,6,6,True
2026,SANTA CECÍLIA,148,184,61555169.69012782,415913.30871707987,325208.9096042918,50914.89767126972,676096.8321207965,5945.229669522179,4749.000473550155,3907.9838181253645,9153.431132494141,64.23128378378378,64.81,12.0,90.28,19.594594594594593,10,1.0438707857243616,0.9917420973645431,6,6,True
2026,SANTO ANTÔNIO,146,161,36330334.78853011,248837.9095104802,200500.15499819006,61660.03108941665,358912.764299646,4443.912350195326,4212.545587697678,3684.635785973588,5037.4108272146395,55.996232876712334,52.004999999999995,32.4125,66.51,10.273972602739725,26,1.0297644237551136,0.585333816842867,6,6,True
2026,JARDIM ITU,138,166,47910003.57084042,347173.93891913345,295951.820852877,63626.9303384101,502554.40997467696,3739.347773893064,3689.6047767963873,2767.920981344042,4577.705087524273,94.94833333333334,73.72,23.85,128.32,16.666666666666664,25,0.973338975878121,0.7718988943622123,6,6,True
2026,IPANEMA,134,151,58897260.79055212,439531.7969444188,341326.15490842564,204853.3037638013,657845.7907089421,3735.467481965119,3771.258071833648,2889.047273427783,4189.701992190932,130.68268656716418,108.82,50.28,178.9675,11.940298507462686,21,0.9451262519396247,0.9489193716708498,6,6,True
2026,JARDIM LINDÓIA,132,165,50558112.8504744,383016.0064429879,277877.9592024018,50496.90324583669,610279.4969569636,4892.219423309491,4608.556327471277,3978.689165631486,5814.650935355503,83.19636363636364,59.97,12.0,118.3175,16.666666666666664,14,0.9310198899703767,0.8145637341190576,6,6,True
2026,TRÊS FIGUEIRAS,123,150,111575603.9064505,907118.730946752,465345.7764511042,80095.4504081285,1123440.0334847886,8893.317666307905,7424.563331047501,5247.0699073034675,12291.72529555927,98.470081300813,47.25,16.035,148.89499999999998,16.260162601626014,8,0.8675412611087601,1.7976430572759088,6,6,True
2026,RESTINGA,122,126,15435252.74022877,126518.46508384238,106138.39315994544,74960.61279290612,142270.22024652918,2405.517878634158,2031.5606062475397,1723.5074889652458,2981.7487472865096,55.5777868852459,45.45,40.99,49.34,3.278688524590164,23,0.860488080124136,0.24868406671619242,6,6,True
2026,MORRO SANTANA,121,131,24163340.714296605,199697.03069666616,187529.57888,102634.7647912015,267193.4680541388,3523.7772094926586,3565.003524014471,2680.8709169311583,4470.06169997221,63.91396694214876,48.79,40.23,67.27,8.264462809917356,25,0.8534348991395119,0.38930608623070484,6,6,True
2026,JARDIM LEOPOLDINA,120,128,16970419.919622183,141420.16599685152,126135.58674751999,90604.3251642177,181159.32944798176,3149.695943952256,2981.2064623735364,2311.8968911601796,3665.919401856932,48.42633333333333,40.98,31.01,53.325,6.666666666666667,32,0.8463817181548878,0.2734178124919109,6,6,True
2026,VILA NOVA,119,126,30427248.36261917,255691.16271108546,174703.42142001382,105674.56124002923,309907.7952550396,3013.436658777822,2919.192860236669,2007.9715988904366,4005.501688168618,99.55126050420168,54.23,43.17,123.12,4.201680672268908,31,0.8393285371702638,0.490226625319748,6,6,True
2026,JARDIM DO SALSO,117,143,47635679.55167847,407142.5602707562,189827.81371904,60293.31001219277,549501.5660288,5540.531934794306,4714.07258979206,3438.3602104083443,7414.327350245053,63.89940170940171,42.74,13.0,81.32,19.65811965811966,12,0.8252221752010157,0.7674791408388169,6,6,True
2026,TERESÓPOLIS,114,129,43147069.72371068,378483.0677518481,344043.9766362776,172330.0567367902,462626.315965949,5220.6663687491755,3997.921670762501,3018.754619074193,6449.888341256375,103.42517543859648,69.49,39.412499999999994,103.61999999999999,12.280701754385964,21,0.8040626322471435,0.695161196668584,6,6,True
2026,CAMAQUÃ,96,104,24206779.75795336,252153.95581201417,203269.50722117262,73434.8398624503,360377.47068198776,3974.055118539421,3824.655021378353,3107.6698097431,4453.103804669761,61.360625,48.41,34.2975,79.42750000000001,8.333333333333332,23,0.6771053745239103,0.390005951546332,6,6,True
2026,SÃO GERALDO,89,101,23803297.022719044,267452.77553616907,192208.03809936912,107905.05440647913,299728.1269248,3246.4164559050323,2824.495346087152,2011.175453587623,3799.2003788401244,87.67112359550562,70.9,43.27,92.94,12.359550561797752,18,0.6277331076315418,0.3835052658020469,6,6,True
2026,NONOAI,83,100,21038545.467510276,253476.45141578646,251778.46028178465,72651.60023218047,358433.37337604037,3819.983168949694,3788.769955167948,2950.561988367508,4678.803509112376,67.98433734939759,61.97,37.11,83.39500000000001,20.481927710843372,19,0.5854140217237974,0.3389611516381577,6,6,True
2026,SANTA TEREZA,78,97,31697453.328992847,406377.6067819596,258340.58643703134,161783.52891074528,591294.0603506755,3786.0806896242975,3300.3688539960112,2548.3611020929966,4818.201273567826,114.35423076923075,84.41,46.93,151.49,17.94871794871795,26,0.5501481168006771,0.5106914497004745,6,6,True
2026,LOMBA DO PINHEIRO,77,82,34429678.37846026,447138.6802397436,343951.22607255523,107905.05440647913,539510.62846464,4490.403601802603,3912.6444347601328,1866.6896009433256,5373.193150804104,104.94168831168831,81.8,40.02,102.14,6.493506493506493,17,0.5430949358160531,0.5547115151908525,6,6,True
2026,SANTA ROSA DE LIMA,74,75,10729336.93173145,144991.03961799256,133596.7340270694,89618.9347466104,156900.38789952762,2591.234352315109,2228.954069763444,2007.4784939928832,3478.815775385354,70.12,41.19,40.26,52.55,1.3513513513513513,19,0.5219353928621808,0.17286501142913352,6,6,True
2026,MÁRIO QUINTANA,67,74,16806502.68582174,250843.32366898123,152843.54088090867,88614.77015776696,210471.24001712436,2948.654003967811,2828.443553875236,2148.4895681907274,3883.4444731490817,87.25089552238806,44.02,40.29,95.755,10.44776119402985,17,0.47256312596981237,0.2707768706821198,6,6,True
2026,JARDIM EUROPA,64,75,52536205.820210755,820878.215940793,204765.49301578494,89774.79839999999,1268671.7315065563,8464.347534621382,7020.431690337635,4713.487708715594,11402.102000143217,68.5465625,40.58,16.01,103.4225,10.9375,6,0.4514035830159402,0.8464336498461035,6,6,True
2026,MEDIANEIRA,62,69,23886128.522961114,385260.1374671147,320678.3964950948,190886.06611500823,497381.72217883327,4193.539537579308,3912.751589808574,2940.8706606172123,4855.910787233067,121.0214516129032,72.13499999999999,47.915000000000006,131.9325,9.67741935483871,17,0.43729722104669205,0.3848398001099118,6,6,True
2026,JARDIM SABARÁ,61,78,19109627.434541397,313272.58089412126,308300.15544708323,159973.7486050643,457311.89724650676,4250.362647769317,3824.655021378353,3027.068489106438,5070.178118435814,77.68016393442623,72.35,49.43,95.32,22.950819672131146,14,0.430244040062068,0.3078835146940807,6,6,True
2026,PRAIA DE BELAS,61,66,21325092.268832866,349591.6765382437,349682.8147456,111278.33784700317,487370.92259855825,7317.190311986975,5967.428740518556,4284.91970425707,10408.115322257001,46.35967213114754,41.29,30.29,55.13,8.19672131147541,6,0.430244040062068,0.3435778317182768,6,6,True
2026,PARQUE SANTA FÉ,60,60,16006795.222449832,266779.92037416383,206635.6022971493,147688.67158411423,306788.73970322276,3531.7972542501034,3410.457232548563,2727.489651084569,4326.365410297864,88.07633333333334,44.32,44.31,115.0175,0.0,10,0.4231908590774439,0.2578924361009942,6,6,True
2026,VILA JARDIM,58,68,25475698.543012843,439236.1817760835,239757.52419592958,50581.06265772871,616321.7847066261,4895.923594645774,3813.5277000920355,2747.392807111047,6360.7949762110975,103.54327586206897,68.88499999999999,18.2625,156.31,12.068965517241379,18,0.4090844971081958,0.41045005370079307,6,6,True
2026,RUBEM BERTA,55,59,7838234.937509503,142513.36250017278,112257.58722005678,72992.57275725027,156332.62605175245,2303.5671887981807,2140.611639317689,1614.9927712260187,2815.0135780663713,62.786363636363625,50.26,39.59,60.584999999999994,5.454545454545454,22,0.3879249541543236,0.126285210416834,6,6,True
2026,CHÁCARA DAS PEDRAS,51,56,57780674.446334854,1132954.4009085265,743135.8311999999,135792.07705236593,1322249.7856800552,5241.785153825094,4721.615105935728,4098.487058709181,6478.604369361807,206.36607843137256,119.86,30.15,249.56,7.8431372549019605,9,0.3597122302158273,0.9309295636908349,6,6,True
2026,BOM JESUS,47,58,14368740.898586728,305717.8914592921,286393.22255791567,129770.46858495998,433644.3176373785,3848.8967661845472,3423.492784389043,2922.908150009859,4985.053996915184,102.57574468085107,64.96,38.14,88.21000000000001,21.27659574468085,15,0.3314995062773311,0.23150103081492296,6,6,True
2026,VILA SÃO JOSÉ,36,43,8027081.453702372,222974.48482506588,203235.53321845405,149775.742448716,258679.2588341877,2890.7718442627156,3380.937639183365,2049.289268269231,3814.7396537575796,104.38055555555555,62.94,45.1425,131.265,19.444444444444446,15,0.25391451544646637,0.12932779873219263,6,6,True
2026,SANTA MARIA GORETTI,35,40,11310536.659160234,323158.19026172097,339130.1709917915,149686.42822659307,452410.8771533792,3917.0522649167565,3349.6283340107098,2511.8037889309358,4843.950581592919,104.25857142857143,64.0,45.395,154.93,11.428571428571429,8,0.2468613344618423,0.18222897288955278,6,6,True
2026,GLÓRIA,33,40,10935286.465942044,331372.3171497589,287746.811750611,130635.50502641767,388026.62863999995,3882.2275366784133,4110.125526728041,3054.1878750765463,4940.742423771255,86.03242424242423,61.83,39.3,91.2,21.21212121212121,12,0.23275497249259416,0.17618315390258404,6,6,True
2026,ESPÍRITO SANTO,31,32,14015083.421081102,452099.46519616456,488141.9127912151,268183.50806501036,650384.8695952427,3454.298491557885,3143.2385373735538,2792.947560743686,3791.381292166756,132.9632258064516,144.34,87.685,174.725,3.225806451612903,7,0.21864861052334603,0.22580310145731233,6,6,True
2026,NAVEGANTES,29,32,13751374.99962768,474185.3448147476,246197.68254978716,142873.29282552682,510261.7600911672,2688.7048118416637,2535.742637432475,2017.475966483675,3369.9590990222223,204.34827586206896,84.39,59.26,220.58,6.896551724137931,11,0.2045422485540979,0.22155438044327777,6,6,True
2026,CAMPO NOVO,28,28,3956835.3979178113,141315.54992563612,120143.17561219278,78502.02887825001,142378.39677730654,2663.4196838166904,2515.475861187224,1949.8558686510937,3216.90236339714,55.48107142857143,39.03,38.24,40.7825,0.0,4,0.19748906756947382,0.06375029516142543,6,6,True
2026,PASSO DAS PEDRAS,28,31,10336828.942774251,369172.4622419375,286515.5855553055,215249.02200760832,352702.0760774892,3621.599157684591,3999.0354207847536,1896.1681416221545,4843.325793987067,113.8967857142857,91.48,62.85,144.5,10.714285714285714,10,0.19748906756947382,0.16654114459292235,6,6,True
2026,VILA  ASSUNÇÃO,26,30,20760221.69837878,798470.0653222607,898426.2824767999,380738.91000544,1073523.7645530757,4406.689042524594,3850.6935999999996,3350.3817570976034,4784.928455688267,213.35307692307694,236.745,85.7525,323.5,11.538461538461538,6,0.1833827056002257,0.3344769564042821,6,6,True
2026,ABERTA DOS MORROS,24,24,8554326.583191704,356430.27429965435,333840.2932251896,238533.63434432,483933.96756725776,3076.042751185027,3116.9935219063545,2234.8284343746213,4114.780468621905,151.77916666666667,110.215,95.0625,180.1275,0.0,6,0.16927634363097757,0.13782247421074714,6,6,True
2026,JARDIM ISABEL,22,24,13439597.189544784,610890.7813429447,652926.6589385441,291768.09479999996,821337.4566406041,3366.0521532911907,3268.116186435109,2970.514747290931,3771.258071833648,196.08409090909092,218.33999999999997,77.9275,266.5775,9.090909090909092,4,0.15516998166172943,0.21653119261291548,6,6,True
2026,FARRAPOS,21,21,4142381.209274134,197256.24806067307,161859.4005047319,121394.55037854891,289274.3504,3213.1114524908253,2107.544277405363,1701.6626217033408,5297.339215305107,75.23476190476191,67.0,50.64,105.28,0.0,8,0.14811680067710536,0.06673970438632174,6,6,True
2026,GUARUJÁ,21,21,9166986.283485478,436523.15635645133,401955.40008128516,249773.439104,627621.9649121356,3344.810639149999,3332.410877808698,2619.8179054331863,4165.771756889465,133.56857142857146,114.75,105.6,147.83,0.0,6,0.14811680067710536,0.14769330096987682,6,6,True
2026,JARDIM SÃO PEDRO,20,22,5913796.263547155,295689.8131773578,196939.06334908216,56520.47486798562,433329.4980816587,3578.38491087883,3666.4354644449863,3044.6943678098596,4804.4643022561995,103.022,58.94,18.395,114.295,10.0,6,0.1410636196924813,0.09527974237292164,6,6,True
2026,VILA JOÃO PESSOA,20,21,4819049.667248699,240952.48336243496,217662.50047020108,84543.49184097181,325082.66595709784,2964.703261486976,3388.464610550164,1704.9490853378688,3790.138244811782,121.9585,73.64,41.6375,118.725,5.0,10,0.1410636196924813,0.07764180406552632,6,6,True
2026,FARROUPILHA,19,21,8672644.827814993,456454.99093763117,329174.2608,264907.62848533166,420297.14961295825,5771.263115588082,5103.468178941495,4447.68666342974,7092.734736880215,91.32,59.99,40.08,101.28,10.526315789473683,2,0.13401043870785725,0.13972875088368777,6,6,True
2026,CHAPÉU DO SOL,14,14,1293061.748166405,92361.55344045749,82779.91318784768,69936.56294912,94588.54728293227,1764.5049250029303,1471.4256985431261,1319.6252135291209,1836.6708210278111,52.67428571428571,51.5,51.5,51.5,0.0,2,0.09874453378473691,0.020833079928201076,6,6,True
2026,COSTA E SILVA,13,17,5148052.559991071,396004.0430762362,205533.43696472215,164587.1304,274810.63288,2788.2717687521313,2866.19350104297,2715.9148654140886,3434.2137594966152,149.77692307692308,59.16,49.58,176.52,30.76923076923077,5,0.09169135280011285,0.08294251269048608,6,6,True
2026,BELÉM NOVO,9,9,2438043.731707939,270893.7479675488,192779.88166762417,164426.7495717777,379049.14879999997,2200.076892519624,2245.4188069427164,2009.7770004064257,2864.068768392533,146.5377777777778,130.65,69.71,168.81,0.0,6,0.06347862886161659,0.0392803823971635,6,6,True
2026,JARDIM FLORESTA,7,8,2010380.7883349056,287197.2554764151,279746.25179648,235224.9550223534,329152.1277020505,2539.280125087384,2845.18477449724,1036.6777767350068,3733.4533526913947,172.88285714285715,144.0,74.035,245.19,14.285714285714285,4,0.049372266892368455,0.03239011880824047,6,6,True
2026,CEL. APARICIO BORGES,6,6,2054628.451244133,342438.0752073555,377478.8454221792,198569.88408768,495960.7528090096,3766.874225342063,3934.419785059607,3428.7358434889197,4553.9747448901235,83.89833333333333,98.16,56.4,108.87,0.0,3,0.04231908590774439,0.0331030121401569,6,6,True
2026,ANCHIETA,5,5,1783050.2341894857,356610.04683789716,308300.15544708323,299249.328,359683.51468826376,6620.723072654626,7314.983573333332,964.342056450057,10194.333004736314,155.424,75.0,26.21,319.7,0.0,2,0.035265904923120324,0.02872749742813272,6,6,True
2026,PEDRA REDONDA,5,5,7148400.905398054,1429680.1810796107,1004888.5002032128,1004888.5002032128,1220892.570340352,4388.493956196593,4853.127113895552,3003.612207685356,5109.021451551357,340.778,334.56,207.06,389.81,0.0,1,0.035265904923120324,0.11517099444953775,6,6,True
2026,PONTA GROSSA,5,5,1331513.3061988985,266302.66123977967,232672.8882255521,130635.50502641767,409971.57936,2097.420069866375,2524.662415641841,1632.9438128302208,2554.0382900719223,148.796,91.1,80.0,167.8,0.0,3,0.035265904923120324,0.021452589694838847,6,6,True
2026,VILA CONCEIÇÃO,5,5,7698839.119033501,1539767.8238067,1607821.6003251406,1275654.400227918,2124404.631624606,3625.0047255930863,4257.323911071355,2252.414296774193,4707.211808959107,550.874,438.0,271.0,499.0,0.0,2,0.035265904923120324,0.12403934378897528,6,6,True
2026,BELÉM VELHO,4,4,738129.2749917915,184532.31874794787,172289.86743412496,158237.2506308854,198584.93555118746,774.924043073666,773.5694184625486,642.1734731483684,906.3199883878463,243.75,251.5,219.0,276.25,0.0,2,0.028212723938496262,0.01189232161964021,6,6,True
2026,SÉTIMO CÉU,4,4,3309958.3857743377,827489.5964435844,884506.6880484228,714410.5132193731,997585.7712726342,3874.9719132326018,3918.8137971276956,3448.570929731213,4345.214780629085,234.19,225.38,187.4375,272.1325,0.0,2,0.028212723938496262,0.05332817841656709,6,6,True
2026,SERRARIA,3,3,1589958.6251021663,529986.2083673888,499546.878208,486679.157104,558073.5945510832,2920.621564712051,2278.8160638707195,2164.540143997744,3355.8002350056922,196.89,207.92,173.51,225.785,0.0,2,0.021159542953872196,0.025616514575778328,6,6,True
2026,AGRONOMIA,1,1,579474.37872128,579474.37872128,579474.37872128,579474.37872128,579474.37872128,1927.0847313644163,1927.0847313644163,1927.0847313644163,1927.0847313644163,300.7,300.7,300.7,300.7,0.0,1,0.0070531809846240655,0.00933616361737081,6,6,True
2026,EXTREMA,1,1,327702.752104448,327702.752104448,327702.752104448,327702.752104448,327702.752104448,1638.5137605222399,1638.5137605222399,1638.5137605222399,1638.5137605222399,200.0,200.0,200.0,200.0,0.0,1,0.0070531809846240655,0.005279761493961423,6,6,True
